# ************************************************************
# Sequel Pro SQL dump
# Version 4096
#
# http://www.sequelpro.com/
# http://code.google.com/p/sequel-pro/
#
# Host: 127.0.0.1 (MySQL 10.0.13-MariaDB)
# Database: travle
# Generation Time: 2015-02-08 22:48:53 +0000
# ************************************************************


/*!40101 SET @OLD_CHARACTER_SET_CLIENT=@@CHARACTER_SET_CLIENT */;
/*!40101 SET @OLD_CHARACTER_SET_RESULTS=@@CHARACTER_SET_RESULTS */;
/*!40101 SET @OLD_COLLATION_CONNECTION=@@COLLATION_CONNECTION */;
/*!40101 SET NAMES utf8 */;
/*!40014 SET @OLD_FOREIGN_KEY_CHECKS=@@FOREIGN_KEY_CHECKS, FOREIGN_KEY_CHECKS=0 */;
/*!40101 SET @OLD_SQL_MODE=@@SQL_MODE, SQL_MODE='NO_AUTO_VALUE_ON_ZERO' */;
/*!40111 SET @OLD_SQL_NOTES=@@SQL_NOTES, SQL_NOTES=0 */;


# Dump of table apply
# ------------------------------------------------------------

DROP TABLE IF EXISTS `apply`;

CREATE TABLE `apply` (
  `id` int(11) unsigned NOT NULL AUTO_INCREMENT,
  `time` text,
  `other` text,
  `location` text,
  `create_time` text,
  PRIMARY KEY (`id`)
) ENGINE=InnoDB DEFAULT CHARSET=utf8;



# Dump of table area
# ------------------------------------------------------------

DROP TABLE IF EXISTS `area`;

CREATE TABLE `area` (
  `id` int(11) unsigned NOT NULL AUTO_INCREMENT,
  `name` varchar(255) DEFAULT NULL,
  `order_index` int(11) DEFAULT NULL,
  PRIMARY KEY (`id`)
) ENGINE=InnoDB DEFAULT CHARSET=utf8;

LOCK TABLES `area` WRITE;
/*!40000 ALTER TABLE `area` DISABLE KEYS */;

INSERT INTO `area` (`id`, `name`, `order_index`)
VALUES
	(1,'华东',1),
	(2,'华南',2),
	(3,'华中',3),
	(4,'华北',4),
	(5,'西北',5),
	(6,'西南',6),
	(7,'东北',7),
	(8,'港澳台',8),
	(9,'热门',0);

/*!40000 ALTER TABLE `area` ENABLE KEYS */;
UNLOCK TABLES;


# Dump of table city
# ------------------------------------------------------------

DROP TABLE IF EXISTS `city`;

CREATE TABLE `city` (
  `id` int(11) unsigned NOT NULL AUTO_INCREMENT,
  `name` varchar(255) DEFAULT NULL,
  `area_id` int(11) DEFAULT NULL,
  `province` varchar(255) DEFAULT NULL,
  `order_index` int(11) DEFAULT NULL,
  `enable` int(11) DEFAULT NULL,
  PRIMARY KEY (`id`)
) ENGINE=InnoDB DEFAULT CHARSET=utf8;

LOCK TABLES `city` WRITE;
/*!40000 ALTER TABLE `city` DISABLE KEYS */;

INSERT INTO `city` (`id`, `name`, `area_id`, `province`, `order_index`, `enable`)
VALUES
	(1,'北京',4,'北京',1,1),
	(2,'上海',1,'上海',2,1),
	(3,'大连',7,'大连',4,1),
	(4,'苏州',1,'江苏',3,1),
	(5,'热门',1,'热门',0,1),
	(6,'南京',1,'江苏',5,1),
	(7,'杭州',1,'浙江',6,1),
	(8,'黄山',1,'安微',7,1),
	(9,'洛阳',1,'河南',8,1),
	(10,'张家界',1,'湖南',9,1),
	(11,'广州',1,'广东',10,1),
	(12,'西安',1,'陕西',11,1),
	(13,'桂林',1,'广西',12,1),
	(14,'成都',1,'四川',13,1),
	(15,'昆明',1,'云南',14,1),
	(16,'丽江',1,'云南',15,1),
	(17,'大理',1,'云南',16,1),
	(18,'西双版纳',1,'云南',17,1),
	(19,'香格里拉',1,'云南',18,1);

/*!40000 ALTER TABLE `city` ENABLE KEYS */;
UNLOCK TABLES;


# Dump of table pic
# ------------------------------------------------------------

DROP TABLE IF EXISTS `pic`;

CREATE TABLE `pic` (
  `id` int(11) unsigned NOT NULL AUTO_INCREMENT,
  `type` varchar(20) DEFAULT NULL,
  `url` varchar(255) DEFAULT NULL,
  `width` int(11) DEFAULT NULL,
  `height` int(11) DEFAULT NULL,
  `create_time` datetime DEFAULT NULL,
  `target_id` int(11) DEFAULT NULL,
  `target` varchar(255) DEFAULT NULL,
  PRIMARY KEY (`id`)
) ENGINE=InnoDB DEFAULT CHARSET=utf8;

LOCK TABLES `pic` WRITE;
/*!40000 ALTER TABLE `pic` DISABLE KEYS */;

INSERT INTO `pic` (`id`, `type`, `url`, `width`, `height`, `create_time`, `target_id`, `target`)
VALUES
	(1,'album','https://s3-ap-northeast-1.amazonaws.com/travle/%E6%95%85%E5%AE%AB/gugong001.jpg',800,800,'2015-01-18 00:00:00',1,'scenic'),
	(2,'album','https://s3-ap-northeast-1.amazonaws.com/travle/%E6%95%85%E5%AE%AB/gugong002.jpg',800,800,'2015-01-18 00:00:00',1,'scenic'),
	(3,'album','https://s3-ap-northeast-1.amazonaws.com/travle/%E6%95%85%E5%AE%AB/gugong003.jpg',800,800,'2015-01-18 00:00:00',1,'scenic'),
	(4,'album','https://s3-ap-northeast-1.amazonaws.com/travle/%E6%95%85%E5%AE%AB/gugong004.jpg',800,800,'2015-01-18 00:00:00',1,'scenic'),
	(5,'album','https://s3-ap-northeast-1.amazonaws.com/travle/%E6%95%85%E5%AE%AB/gugong005.jpg',800,800,'2015-01-18 00:00:00',1,'scenic'),
	(6,'album','https://s3-ap-northeast-1.amazonaws.com/travle/%E6%95%85%E5%AE%AB/gugong006.jpg',800,800,'2015-01-18 00:00:00',1,'scenic'),
	(7,'album','https://s3-ap-northeast-1.amazonaws.com/travle/%E6%95%85%E5%AE%AB/gugong007.jpg',800,800,'2015-01-18 00:00:00',1,'scenic'),
	(8,'album','https://s3-ap-northeast-1.amazonaws.com/travle/%E6%95%85%E5%AE%AB/gugong008.jpg',800,800,'2015-01-18 00:00:00',1,'scenic'),
	(9,'album','https://s3-ap-northeast-1.amazonaws.com/travle/%E6%95%85%E5%AE%AB/gugong009.jpg',800,800,'2015-01-18 00:00:00',1,'scenic'),
	(10,'album','https://s3-ap-northeast-1.amazonaws.com/travle/%E6%95%85%E5%AE%AB/%E6%95%85%E5%AE%AB+(10).jpg',800,800,'2015-01-18 00:00:00',1,'scenic'),
	(11,'album','https://s3-ap-northeast-1.amazonaws.com/travle/%E6%95%85%E5%AE%AB/%E6%95%85%E5%AE%AB+(11).jpg',800,800,'2015-01-18 00:00:00',1,'scenic'),
	(12,'album','https://s3-ap-northeast-1.amazonaws.com/travle/%E6%95%85%E5%AE%AB/%E6%95%85%E5%AE%AB+(12).jpg',800,800,'2015-01-18 00:00:00',1,'scenic'),
	(13,'album','https://s3-ap-northeast-1.amazonaws.com/travle/%E6%95%85%E5%AE%AB/%E6%95%85%E5%AE%AB+(12).jpg',800,800,'2015-01-18 00:00:00',1,'scenic'),
	(14,'album','https://s3-ap-northeast-1.amazonaws.com/travle/%E6%95%85%E5%AE%AB/%E6%95%85%E5%AE%AB+(12).jpg',800,800,'2015-01-18 00:00:00',1,'scenic'),
	(15,'album','https://s3-ap-northeast-1.amazonaws.com/travle/%E9%A2%90%E5%92%8C%E5%9B%AD/yiheyuan001.jpg',800,800,'2015-01-18 00:00:00',2,'scenic'),
	(16,'album','https://s3-ap-northeast-1.amazonaws.com/travle/%E9%A2%90%E5%92%8C%E5%9B%AD/yiheyuan002.jpg',800,800,'2015-01-18 00:00:00',2,'scenic'),
	(17,'album','https://s3-ap-northeast-1.amazonaws.com/travle/%E9%A2%90%E5%92%8C%E5%9B%AD/yiheyuan003.jpg',800,800,'2015-01-18 00:00:00',2,'scenic'),
	(18,'album','https://s3-ap-northeast-1.amazonaws.com/travle/%E9%A2%90%E5%92%8C%E5%9B%AD/yiheyuan004.jpg',800,800,'2015-01-18 00:00:00',2,'scenic'),
	(19,'album','https://s3-ap-northeast-1.amazonaws.com/travle/%E9%A2%90%E5%92%8C%E5%9B%AD/yiheyuan005.jpg',800,800,'2015-01-18 00:00:00',2,'scenic'),
	(20,'album','https://s3-ap-northeast-1.amazonaws.com/travle/%E9%A2%90%E5%92%8C%E5%9B%AD/yiheyuan006.jpg',800,800,'2015-01-18 00:00:00',2,'scenic'),
	(21,'album','https://s3-ap-northeast-1.amazonaws.com/travle/%E9%A2%90%E5%92%8C%E5%9B%AD/yiheyuan007.jpg',800,800,'2015-01-18 00:00:00',2,'scenic'),
	(22,'album','https://s3-ap-northeast-1.amazonaws.com/travle/%E9%A2%90%E5%92%8C%E5%9B%AD/yiheyuan008.jpg',800,800,'2015-01-18 00:00:00',2,'scenic'),
	(23,'album','https://s3-ap-northeast-1.amazonaws.com/travle/%E9%A2%90%E5%92%8C%E5%9B%AD/yiheyuan009.jpg',800,800,'2015-01-18 00:00:00',2,'scenic'),
	(24,'album','https://s3-ap-northeast-1.amazonaws.com/travle/%E9%A2%90%E5%92%8C%E5%9B%AD/yiheyuan010.jpg',800,800,'2015-01-18 00:00:00',2,'scenic'),
	(25,'album','https://s3-ap-northeast-1.amazonaws.com/travle/%E4%B8%9C%E6%96%B9%E6%98%8E%E7%8F%A0/%E4%B8%9C%E6%96%B9%E6%98%8E%E7%8F%A0+(1).jpg',800,800,'2015-01-18 00:00:00',3,'scenic'),
	(26,'album','https://s3-ap-northeast-1.amazonaws.com/travle/%E4%B8%9C%E6%96%B9%E6%98%8E%E7%8F%A0/%E4%B8%9C%E6%96%B9%E6%98%8E%E7%8F%A0+(2).jpg',800,800,'2015-01-18 00:00:00',3,'scenic'),
	(27,'album','https://s3-ap-northeast-1.amazonaws.com/travle/%E4%B8%9C%E6%96%B9%E6%98%8E%E7%8F%A0/%E4%B8%9C%E6%96%B9%E6%98%8E%E7%8F%A0+(3).jpg',800,800,'2015-01-18 00:00:00',3,'scenic'),
	(28,'album','https://s3-ap-northeast-1.amazonaws.com/travle/%E4%B8%9C%E6%96%B9%E6%98%8E%E7%8F%A0/%E4%B8%9C%E6%96%B9%E6%98%8E%E7%8F%A0+(4).jpg',800,800,'2015-01-18 00:00:00',3,'scenic'),
	(29,'album','https://s3-ap-northeast-1.amazonaws.com/travle/%E4%B8%9C%E6%96%B9%E6%98%8E%E7%8F%A0/%E4%B8%9C%E6%96%B9%E6%98%8E%E7%8F%A0+(5).jpg',800,800,'2015-01-18 00:00:00',3,'scenic'),
	(30,'album','https://s3-ap-northeast-1.amazonaws.com/travle/%E4%B8%9C%E6%96%B9%E6%98%8E%E7%8F%A0/%E4%B8%9C%E6%96%B9%E6%98%8E%E7%8F%A0+(6).jpg',800,800,'2015-01-18 00:00:00',3,'scenic'),
	(31,'album','https://s3-ap-northeast-1.amazonaws.com/travle/%E4%B8%9C%E6%96%B9%E6%98%8E%E7%8F%A0/%E4%B8%9C%E6%96%B9%E6%98%8E%E7%8F%A0+(7).jpg',800,800,'2015-01-18 00:00:00',3,'scenic'),
	(32,'album','https://s3-ap-northeast-1.amazonaws.com/travle/%E4%B8%9C%E6%96%B9%E6%98%8E%E7%8F%A0/%E4%B8%9C%E6%96%B9%E6%98%8E%E7%8F%A0+(8).jpg',800,800,'2015-01-18 00:00:00',3,'scenic'),
	(33,'album','https://s3-ap-northeast-1.amazonaws.com/travle/%E4%B8%9C%E6%96%B9%E6%98%8E%E7%8F%A0/%E4%B8%9C%E6%96%B9%E6%98%8E%E7%8F%A0+(9).jpg',800,800,'2015-01-18 00:00:00',3,'scenic'),
	(34,'album','https://s3-ap-northeast-1.amazonaws.com/travle/%E8%80%81%E8%99%8E%E6%BB%A9%E6%B5%B7%E6%B4%8B%E5%85%AC%E5%9B%AD/%E5%A4%A7%E8%BF%9E%E8%80%81%E8%99%8E%E6%BB%A9%E6%B5%B7%E6%B4%8B%E5%85%AC%E5%9B%AD+(1).jpg',800,800,'2015-01-18 00:00:00',4,'scenic'),
	(35,'album','https://s3-ap-northeast-1.amazonaws.com/travle/%E8%80%81%E8%99%8E%E6%BB%A9%E6%B5%B7%E6%B4%8B%E5%85%AC%E5%9B%AD/%E5%A4%A7%E8%BF%9E%E8%80%81%E8%99%8E%E6%BB%A9%E6%B5%B7%E6%B4%8B%E5%85%AC%E5%9B%AD+(2).jpg',800,800,'2015-01-18 00:00:00',4,'scenic'),
	(36,'album','https://s3-ap-northeast-1.amazonaws.com/travle/%E8%80%81%E8%99%8E%E6%BB%A9%E6%B5%B7%E6%B4%8B%E5%85%AC%E5%9B%AD/%E5%A4%A7%E8%BF%9E%E8%80%81%E8%99%8E%E6%BB%A9%E6%B5%B7%E6%B4%8B%E5%85%AC%E5%9B%AD+(3).jpg',800,800,'2015-01-18 00:00:00',4,'scenic'),
	(37,'album','https://s3-ap-northeast-1.amazonaws.com/travle/%E8%80%81%E8%99%8E%E6%BB%A9%E6%B5%B7%E6%B4%8B%E5%85%AC%E5%9B%AD/%E5%A4%A7%E8%BF%9E%E8%80%81%E8%99%8E%E6%BB%A9%E6%B5%B7%E6%B4%8B%E5%85%AC%E5%9B%AD+(4).jpg',800,800,'2015-01-18 00:00:00',4,'scenic'),
	(38,'album','https://s3-ap-northeast-1.amazonaws.com/travle/%E5%A4%A9%E5%9D%9B/%E5%A4%A9%E5%9D%9B+(1).jpg',800,800,'2015-01-18 00:00:00',5,'scenic'),
	(39,'album','https://s3-ap-northeast-1.amazonaws.com/travle/%E5%A4%A9%E5%9D%9B/%E5%A4%A9%E5%9D%9B+(2).jpg',800,800,'2015-01-18 00:00:00',5,'scenic'),
	(40,'album','https://s3-ap-northeast-1.amazonaws.com/travle/%E5%A4%A9%E5%9D%9B/%E5%A4%A9%E5%9D%9B+(3).jpg',800,800,'2015-01-18 00:00:00',5,'scenic'),
	(41,'album','https://s3-ap-northeast-1.amazonaws.com/travle/%E5%A4%A9%E5%9D%9B/%E5%A4%A9%E5%9D%9B+(4).jpg',800,800,'2015-01-18 00:00:00',5,'scenic'),
	(42,'album','https://s3-ap-northeast-1.amazonaws.com/travle/%E5%A4%A9%E5%9D%9B/%E5%A4%A9%E5%9D%9B+(5).jpg',800,800,'2015-01-18 00:00:00',5,'scenic'),
	(43,'album','https://s3-ap-northeast-1.amazonaws.com/travle/%E5%A4%A9%E5%9D%9B/%E5%A4%A9%E5%9D%9B+(6).jpg',800,800,'2015-01-18 00:00:00',5,'scenic'),
	(44,'album','https://s3-ap-northeast-1.amazonaws.com/travle/%E5%A4%A9%E5%9D%9B/%E5%A4%A9%E5%9D%9B+(7).jpg',800,800,'2015-01-18 00:00:00',5,'scenic'),
	(45,'album','https://s3-ap-northeast-1.amazonaws.com/travle/%E5%A4%A9%E5%9D%9B/%E5%A4%A9%E5%9D%9B+(8).jpg',800,800,'2015-01-18 00:00:00',5,'scenic'),
	(46,'album','https://s3-ap-northeast-1.amazonaws.com/travle/%E5%A4%A9%E5%9D%9B/%E5%A4%A9%E5%9D%9B+(9).jpg',800,800,'2015-01-18 00:00:00',5,'scenic'),
	(47,'album','https://s3-ap-northeast-1.amazonaws.com/travle/%E5%A4%A9%E5%9D%9B/%E5%A4%A9%E5%9D%9B+(10).jpg',800,800,'2015-01-18 00:00:00',5,'scenic'),
	(48,'album','https://s3-ap-northeast-1.amazonaws.com/travle/%E6%98%8E%E5%8D%81%E4%B8%89%E9%99%B5/%E6%98%8E13%E9%99%B5+(1).jpg',800,800,'2015-01-18 00:00:00',7,'scenic'),
	(49,'album','https://s3-ap-northeast-1.amazonaws.com/travle/%E6%98%8E%E5%8D%81%E4%B8%89%E9%99%B5/%E6%98%8E13%E9%99%B5+(2).jpg',800,800,'2015-01-18 00:00:00',7,'scenic'),
	(50,'album','https://s3-ap-northeast-1.amazonaws.com/travle/%E6%98%8E%E5%8D%81%E4%B8%89%E9%99%B5/%E6%98%8E13%E9%99%B5+(3).jpg',800,800,'2015-01-18 00:00:00',7,'scenic'),
	(51,'album','https://s3-ap-northeast-1.amazonaws.com/travle/%E6%98%8E%E5%8D%81%E4%B8%89%E9%99%B5/%E6%98%8E13%E9%99%B5+(4).jpg',800,800,'2015-01-18 00:00:00',7,'scenic'),
	(52,'album','https://s3-ap-northeast-1.amazonaws.com/travle/%E6%98%8E%E5%8D%81%E4%B8%89%E9%99%B5/%E6%98%8E13%E9%99%B5+(5).jpg',800,800,'2015-01-18 00:00:00',7,'scenic'),
	(53,'album','https://s3-ap-northeast-1.amazonaws.com/travle/%E6%98%8E%E5%8D%81%E4%B8%89%E9%99%B5/%E6%98%8E13%E9%99%B5+(6).jpg',800,800,'2015-01-18 00:00:00',7,'scenic'),
	(54,'album','https://s3-ap-northeast-1.amazonaws.com/travle/%E6%98%8E%E5%8D%81%E4%B8%89%E9%99%B5/%E6%98%8E13%E9%99%B5+(7).jpg',800,800,'2015-01-18 00:00:00',7,'scenic'),
	(55,'album','https://s3-ap-northeast-1.amazonaws.com/travle/%E6%98%8E%E5%8D%81%E4%B8%89%E9%99%B5/%E6%98%8E13%E9%99%B5+(8).jpg',800,800,'2015-01-18 00:00:00',7,'scenic'),
	(56,'album','https://s3-ap-northeast-1.amazonaws.com/travle/%E6%98%8E%E5%8D%81%E4%B8%89%E9%99%B5/%E6%98%8E13%E9%99%B5+(9).jpg',800,800,'2015-01-18 00:00:00',7,'scenic'),
	(57,'album','https://s3-ap-northeast-1.amazonaws.com/travle/%E6%98%8E%E5%8D%81%E4%B8%89%E9%99%B5/%E6%98%8E13%E9%99%B5+(10).jpg',800,800,'2015-01-18 00:00:00',7,'scenic'),
	(58,'album','https://s3-ap-northeast-1.amazonaws.com/travle/%E6%98%8E%E5%8D%81%E4%B8%89%E9%99%B5/%E6%98%8E13%E9%99%B5+(11).jpg',800,800,'2015-01-18 00:00:00',7,'scenic'),
	(59,'album','https://s3-ap-northeast-1.amazonaws.com/travle/%E6%81%AD%E7%8E%8B%E5%BA%9C/%E6%81%AD%E7%8E%8B%E5%BA%9C+(1).jpg',800,800,'2015-01-18 00:00:00',8,'scenic'),
	(60,'album','https://s3-ap-northeast-1.amazonaws.com/travle/%E6%81%AD%E7%8E%8B%E5%BA%9C/%E6%81%AD%E7%8E%8B%E5%BA%9C+(2).jpg',800,800,'2015-01-18 00:00:00',8,'scenic'),
	(61,'album','https://s3-ap-northeast-1.amazonaws.com/travle/%E6%81%AD%E7%8E%8B%E5%BA%9C/%E6%81%AD%E7%8E%8B%E5%BA%9C+(3).jpg',800,800,'2015-01-18 00:00:00',8,'scenic'),
	(62,'album','https://s3-ap-northeast-1.amazonaws.com/travle/%E6%81%AD%E7%8E%8B%E5%BA%9C/%E6%81%AD%E7%8E%8B%E5%BA%9C+(4).jpg',800,800,'2015-01-18 00:00:00',8,'scenic'),
	(63,'album','https://s3-ap-northeast-1.amazonaws.com/travle/%E6%81%AD%E7%8E%8B%E5%BA%9C/%E6%81%AD%E7%8E%8B%E5%BA%9C+(5).jpg',800,800,'2015-01-18 00:00:00',8,'scenic'),
	(64,'album','https://s3-ap-northeast-1.amazonaws.com/travle/%E6%81%AD%E7%8E%8B%E5%BA%9C/%E6%81%AD%E7%8E%8B%E5%BA%9C+(6).jpg',800,800,'2015-01-18 00:00:00',8,'scenic'),
	(65,'album','https://s3-ap-northeast-1.amazonaws.com/travle/%E6%81%AD%E7%8E%8B%E5%BA%9C/%E6%81%AD%E7%8E%8B%E5%BA%9C+(7).jpg',800,800,'2015-01-18 00:00:00',8,'scenic'),
	(66,'album','https://s3-ap-northeast-1.amazonaws.com/travle/%E6%81%AD%E7%8E%8B%E5%BA%9C/%E6%81%AD%E7%8E%8B%E5%BA%9C+(8).jpg',800,800,'2015-01-18 00:00:00',8,'scenic'),
	(67,'album','https://s3-ap-northeast-1.amazonaws.com/travle/%E6%81%AD%E7%8E%8B%E5%BA%9C/%E6%81%AD%E7%8E%8B%E5%BA%9C+(9).jpg',800,800,'2015-01-18 00:00:00',8,'scenic'),
	(68,'album','https://s3-ap-northeast-1.amazonaws.com/travle/%E6%81%AD%E7%8E%8B%E5%BA%9C/%E6%81%AD%E7%8E%8B%E5%BA%9C+(10).jpg',800,800,'2015-01-18 00:00:00',8,'scenic'),
	(69,'album','https://s3-ap-northeast-1.amazonaws.com/travle/%E6%81%AD%E7%8E%8B%E5%BA%9C/%E6%81%AD%E7%8E%8B%E5%BA%9C+(11).jpg',800,800,'2015-01-18 00:00:00',8,'scenic'),
	(70,'album','https://s3-ap-northeast-1.amazonaws.com/travle/%E6%99%AF%E5%B1%B1%E5%85%AC%E5%9B%AD/%E6%99%AF%E5%B1%B1%E5%85%AC%E5%9B%AD+(1).jpg',800,800,'2015-01-18 00:00:00',9,'scenic'),
	(71,'album','https://s3-ap-northeast-1.amazonaws.com/travle/%E6%99%AF%E5%B1%B1%E5%85%AC%E5%9B%AD/%E6%99%AF%E5%B1%B1%E5%85%AC%E5%9B%AD+(2).jpg',800,800,'2015-01-18 00:00:00',9,'scenic'),
	(72,'album','https://s3-ap-northeast-1.amazonaws.com/travle/%E6%99%AF%E5%B1%B1%E5%85%AC%E5%9B%AD/%E6%99%AF%E5%B1%B1%E5%85%AC%E5%9B%AD+(3).jpg',800,800,'2015-01-18 00:00:00',9,'scenic'),
	(73,'album','https://s3-ap-northeast-1.amazonaws.com/travle/%E6%99%AF%E5%B1%B1%E5%85%AC%E5%9B%AD/%E6%99%AF%E5%B1%B1%E5%85%AC%E5%9B%AD+(4).jpg',800,800,'2015-01-18 00:00:00',9,'scenic'),
	(74,'album','https://s3-ap-northeast-1.amazonaws.com/travle/%E6%99%AF%E5%B1%B1%E5%85%AC%E5%9B%AD/%E6%99%AF%E5%B1%B1%E5%85%AC%E5%9B%AD+(5).jpg',800,800,'2015-01-18 00:00:00',9,'scenic'),
	(75,'album','https://s3-ap-northeast-1.amazonaws.com/travle/%E6%99%AF%E5%B1%B1%E5%85%AC%E5%9B%AD/%E6%99%AF%E5%B1%B1%E5%85%AC%E5%9B%AD+(6).jpg',800,800,'2015-01-18 00:00:00',9,'scenic'),
	(76,'album','https://s3-ap-northeast-1.amazonaws.com/travle/%E6%99%AF%E5%B1%B1%E5%85%AC%E5%9B%AD/%E6%99%AF%E5%B1%B1%E5%85%AC%E5%9B%AD+(7).jpg',800,800,'2015-01-18 00:00:00',9,'scenic'),
	(77,'album','https://s3-ap-northeast-1.amazonaws.com/travle/%E6%99%AF%E5%B1%B1%E5%85%AC%E5%9B%AD/%E6%99%AF%E5%B1%B1%E5%85%AC%E5%9B%AD+(8).jpg',800,800,'2015-01-18 00:00:00',9,'scenic'),
	(78,'album','https://s3-ap-northeast-1.amazonaws.com/travle/%E6%99%AF%E5%B1%B1%E5%85%AC%E5%9B%AD/%E6%99%AF%E5%B1%B1%E5%85%AC%E5%9B%AD+(9).jpg',800,800,'2015-01-18 00:00:00',9,'scenic'),
	(79,'album','https://s3-ap-northeast-1.amazonaws.com/travle/%E5%A4%A9%E5%AE%89%E9%97%A8/%E5%A4%A9%E5%AE%89%E9%97%A8+(1).jpg',800,800,'2015-01-18 00:00:00',10,'scenic'),
	(80,'album','https://s3-ap-northeast-1.amazonaws.com/travle/%E5%A4%A9%E5%AE%89%E9%97%A8/%E5%A4%A9%E5%AE%89%E9%97%A8+(2).jpg',800,800,'2015-01-18 00:00:00',10,'scenic'),
	(81,'album','https://s3-ap-northeast-1.amazonaws.com/travle/%E5%A4%A9%E5%AE%89%E9%97%A8/%E5%A4%A9%E5%AE%89%E9%97%A8+(3).jpg',800,800,'2015-01-18 00:00:00',10,'scenic'),
	(82,'album','https://s3-ap-northeast-1.amazonaws.com/travle/%E5%A4%A9%E5%AE%89%E9%97%A8/%E5%A4%A9%E5%AE%89%E9%97%A8+(4).jpg',800,800,'2015-01-18 00:00:00',10,'scenic'),
	(83,'album','https://s3-ap-northeast-1.amazonaws.com/travle/%E5%A4%A9%E5%AE%89%E9%97%A8/%E5%A4%A9%E5%AE%89%E9%97%A8+(5).jpg',800,800,'2015-01-18 00:00:00',10,'scenic'),
	(84,'album','https://s3-ap-northeast-1.amazonaws.com/travle/%E5%A4%A9%E5%AE%89%E9%97%A8/%E5%A4%A9%E5%AE%89%E9%97%A8+(6).jpg',800,800,'2015-01-18 00:00:00',10,'scenic'),
	(85,'album','https://s3-ap-northeast-1.amazonaws.com/travle/%E5%A4%A9%E5%AE%89%E9%97%A8/%E5%A4%A9%E5%AE%89%E9%97%A8+(7).jpg',800,800,'2015-01-18 00:00:00',10,'scenic'),
	(86,'album','https://s3-ap-northeast-1.amazonaws.com/travle/%E5%A4%A9%E5%AE%89%E9%97%A8/%E5%A4%A9%E5%AE%89%E9%97%A8+(8).jpg',800,800,'2015-01-18 00:00:00',10,'scenic'),
	(87,'album','https://s3-ap-northeast-1.amazonaws.com/travle/%E5%A4%A9%E5%AE%89%E9%97%A8/%E5%A4%A9%E5%AE%89%E9%97%A8+(9).jpg',800,800,'2015-01-18 00:00:00',10,'scenic'),
	(88,'album','https://s3-ap-northeast-1.amazonaws.com/travle/%E9%B8%9F%E5%B7%A2/%E9%B8%9F%E5%B7%A2+(1).jpg',800,800,'2015-01-18 00:00:00',12,'scenic'),
	(89,'album','https://s3-ap-northeast-1.amazonaws.com/travle/%E9%B8%9F%E5%B7%A2/%E9%B8%9F%E5%B7%A2+(2).jpg',800,800,'2015-01-18 00:00:00',12,'scenic'),
	(90,'album','https://s3-ap-northeast-1.amazonaws.com/travle/%E9%B8%9F%E5%B7%A2/%E9%B8%9F%E5%B7%A2+(3).jpg',800,800,'2015-01-18 00:00:00',12,'scenic'),
	(91,'album','https://s3-ap-northeast-1.amazonaws.com/travle/%E9%B8%9F%E5%B7%A2/%E9%B8%9F%E5%B7%A2+(4).jpg',800,800,'2015-01-18 00:00:00',12,'scenic'),
	(92,'album','https://s3-ap-northeast-1.amazonaws.com/travle/%E9%B8%9F%E5%B7%A2/%E9%B8%9F%E5%B7%A2+(5).jpg',800,800,'2015-01-18 00:00:00',12,'scenic'),
	(93,'album','https://s3-ap-northeast-1.amazonaws.com/travle/%E9%B8%9F%E5%B7%A2/%E9%B8%9F%E5%B7%A2+(6).jpg',800,800,'2015-01-18 00:00:00',12,'scenic'),
	(94,'album','https://s3-ap-northeast-1.amazonaws.com/travle/%E6%B0%B4%E7%AB%8B%E6%96%B9/%E6%B0%B4%E7%AB%8B%E6%96%B9+(1).jpg',800,800,'2015-01-18 00:00:00',13,'scenic'),
	(95,'album','https://s3-ap-northeast-1.amazonaws.com/travle/%E6%B0%B4%E7%AB%8B%E6%96%B9/%E6%B0%B4%E7%AB%8B%E6%96%B9+(2).jpg',800,800,'2015-01-18 00:00:00',13,'scenic'),
	(96,'album','https://s3-ap-northeast-1.amazonaws.com/travle/%E6%B0%B4%E7%AB%8B%E6%96%B9/%E6%B0%B4%E7%AB%8B%E6%96%B9+(3).jpg',800,800,'2015-01-18 00:00:00',13,'scenic'),
	(97,'album','https://s3-ap-northeast-1.amazonaws.com/travle/%E6%B0%B4%E7%AB%8B%E6%96%B9/%E6%B0%B4%E7%AB%8B%E6%96%B9+(4).jpg',800,800,'2015-01-18 00:00:00',13,'scenic'),
	(98,'album','https://s3-ap-northeast-1.amazonaws.com/travle/%E6%B0%B4%E7%AB%8B%E6%96%B9/%E6%B0%B4%E7%AB%8B%E6%96%B9+(5).jpg',800,800,'2015-01-18 00:00:00',13,'scenic'),
	(99,'album','https://s3-ap-northeast-1.amazonaws.com/travle/%E6%B0%B4%E7%AB%8B%E6%96%B9/%E6%B0%B4%E7%AB%8B%E6%96%B9+(6).jpg',800,800,'2015-01-18 00:00:00',13,'scenic'),
	(100,'album','https://s3-ap-northeast-1.amazonaws.com/travle/%E6%89%BF%E5%BE%B7/%E5%B0%8F%E5%B8%83%E8%BE%BE%E6%8B%89.jpg',800,800,'2015-01-18 00:00:00',16,'scenic'),
	(101,'album','https://s3-ap-northeast-1.amazonaws.com/travle/%E6%89%BF%E5%BE%B7/%E5%A4%96%E5%85%AB%E5%BA%99%E4%B9%8B%E6%99%AE%E5%AE%81%E5%AF%BA.jpg',800,800,'2015-01-18 00:00:00',16,'scenic'),
	(102,'album','https://s3-ap-northeast-1.amazonaws.com/travle/%E6%89%BF%E5%BE%B7/%E6%89%BF%E5%BE%B7%E5%A1%9E%E7%BD%95%E5%A1%94.jpg',800,800,'2015-01-18 00:00:00',16,'scenic'),
	(103,'album','https://s3-ap-northeast-1.amazonaws.com/travle/%E6%89%BF%E5%BE%B7/%E6%89%BF%E5%BE%B7%E5%A4%96%E5%85%AB%E5%BA%99.jpg.jpg',800,800,'2015-01-18 00:00:00',16,'scenic'),
	(104,'album','https://s3-ap-northeast-1.amazonaws.com/travle/%E6%89%BF%E5%BE%B7/%E6%89%BF%E5%BE%B7%E6%99%AE%E4%B9%90%E5%AF%BA.jpg',800,800,'2015-01-18 00:00:00',16,'scenic'),
	(105,'album','https://s3-ap-northeast-1.amazonaws.com/travle/%E6%89%BF%E5%BE%B7/%E6%89%BF%E5%BE%B7+(1).jpg',800,800,'2015-01-18 00:00:00',16,'scenic'),
	(106,'album','https://s3-ap-northeast-1.amazonaws.com/travle/%E6%89%BF%E5%BE%B7/%E6%89%BF%E5%BE%B7+(9).jpg',800,800,'2015-01-18 00:00:00',16,'scenic'),
	(107,'album','https://s3-ap-northeast-1.amazonaws.com/travle/%E6%89%BF%E5%BE%B7/%E6%89%BF%E5%BE%B7+(10).jpg',800,800,'2015-01-18 00:00:00',16,'scenic'),
	(108,'album','https://s3-ap-northeast-1.amazonaws.com/travle/%E6%89%BF%E5%BE%B7/%E6%89%BF%E5%BE%B7+(11).jpg',800,800,'2015-01-18 00:00:00',16,'scenic'),
	(109,'album','https://s3-ap-northeast-1.amazonaws.com/travle/%E6%89%BF%E5%BE%B7/%E6%89%BF%E5%BE%B7+(12).jpg',800,800,'2015-01-18 00:00:00',16,'scenic'),
	(110,'album','https://s3-ap-northeast-1.amazonaws.com/travle/%E6%89%BF%E5%BE%B7/%E6%89%BF%E5%BE%B7+(13).jpg',800,800,'2015-01-18 00:00:00',16,'scenic'),
	(111,'album','https://s3-ap-northeast-1.amazonaws.com/travle/%E6%89%BF%E5%BE%B7/%E6%89%BF%E5%BE%B7+(14).jpg',800,800,'2015-01-18 00:00:00',16,'scenic'),
	(112,'album','https://s3-ap-northeast-1.amazonaws.com/travle/%E6%89%BF%E5%BE%B7/%E6%89%BF%E5%BE%B7+(15).jpg',800,800,'2015-01-18 00:00:00',16,'scenic'),
	(113,'album','https://s3-ap-northeast-1.amazonaws.com/travle/%E6%89%BF%E5%BE%B7/%E6%89%BF%E5%BE%B7+(16).jpg',800,800,'2015-01-18 00:00:00',16,'scenic'),
	(114,'album','https://s3-ap-northeast-1.amazonaws.com/travle/%E5%A4%96%E6%BB%A9/%E5%A4%96%E6%BB%A9+(1).jpg',800,800,'2015-01-18 00:00:00',17,'scenic'),
	(115,'album','https://s3-ap-northeast-1.amazonaws.com/travle/%E5%A4%96%E6%BB%A9/%E5%A4%96%E6%BB%A9+(2).jpg',800,800,'2015-01-18 00:00:00',17,'scenic'),
	(116,'album','https://s3-ap-northeast-1.amazonaws.com/travle/%E5%A4%96%E6%BB%A9/%E5%A4%96%E6%BB%A9+(3).jpg',800,800,'2015-01-18 00:00:00',17,'scenic'),
	(117,'album','https://s3-ap-northeast-1.amazonaws.com/travle/%E5%A4%96%E6%BB%A9/%E5%A4%96%E6%BB%A9+(4).jpg',800,800,'2015-01-18 00:00:00',17,'scenic'),
	(118,'album','https://s3-ap-northeast-1.amazonaws.com/travle/%E5%A4%96%E6%BB%A9/%E5%A4%96%E6%BB%A9+(5).jpg',800,800,'2015-01-18 00:00:00',17,'scenic'),
	(119,'album','https://s3-ap-northeast-1.amazonaws.com/travle/%E5%A4%96%E6%BB%A9/%E5%A4%96%E6%BB%A9+(6).jpg',800,800,'2015-01-18 00:00:00',17,'scenic'),
	(120,'album','https://s3-ap-northeast-1.amazonaws.com/travle/%E5%A4%96%E6%BB%A9/%E5%A4%96%E6%BB%A9+(7).jpg',800,800,'2015-01-18 00:00:00',17,'scenic'),
	(121,'album','https://s3-ap-northeast-1.amazonaws.com/travle/%E5%A4%96%E6%BB%A9/%E5%A4%96%E6%BB%A9+(8).jpg',800,800,'2015-01-18 00:00:00',17,'scenic'),
	(122,'album','https://s3-ap-northeast-1.amazonaws.com/travle/%E5%A4%96%E6%BB%A9/%E5%A4%96%E6%BB%A9+(9).jpg',800,800,'2015-01-18 00:00:00',17,'scenic'),
	(123,'album','https://s3-ap-northeast-1.amazonaws.com/travle/%E5%A4%96%E6%BB%A9/%E5%A4%96%E6%BB%A9+(10).jpg',800,800,'2015-01-18 00:00:00',17,'scenic'),
	(124,'album','https://s3-ap-northeast-1.amazonaws.com/travle/%E5%A4%96%E6%BB%A9/%E5%A4%96%E6%BB%A9+(11).jpg',800,800,'2015-01-18 00:00:00',17,'scenic'),
	(125,'album','https://s3-ap-northeast-1.amazonaws.com/travle/%E5%A4%96%E6%BB%A9/%E5%A4%96%E6%BB%A9+(12).jpg',800,800,'2015-01-18 00:00:00',17,'scenic'),
	(126,'album','https://s3-ap-northeast-1.amazonaws.com/travle/%E5%A4%96%E6%BB%A9/%E5%A4%96%E6%BB%A9+(13).jpg',800,800,'2015-01-18 00:00:00',17,'scenic'),
	(127,'album','https://s3-ap-northeast-1.amazonaws.com/travle/%E5%A4%96%E6%BB%A9/%E5%A4%96%E6%BB%A9+(14).jpg',800,800,'2015-01-18 00:00:00',17,'scenic'),
	(128,'album','https://s3-ap-northeast-1.amazonaws.com/travle/%E5%A4%96%E6%BB%A9/%E5%A4%96%E6%BB%A9+(15).jpg',800,800,'2015-01-18 00:00:00',17,'scenic'),
	(129,'album','https://s3-ap-northeast-1.amazonaws.com/travle/%E5%A4%96%E6%BB%A9/%E5%A4%96%E6%BB%A9+(16).jpg',800,800,'2015-01-18 00:00:00',17,'scenic'),
	(130,'album','https://s3-ap-northeast-1.amazonaws.com/travle/%E5%A4%96%E6%BB%A9/%E5%A4%96%E6%BB%A9+(17).jpg',800,800,'2015-01-18 00:00:00',17,'scenic'),
	(131,'album','https://s3-ap-northeast-1.amazonaws.com/travle/%E5%A4%96%E6%BB%A9/%E5%A4%96%E6%BB%A9+(18).jpg',800,800,'2015-01-18 00:00:00',17,'scenic'),
	(132,'album','https://s3-ap-northeast-1.amazonaws.com/travle/%E5%A4%96%E6%BB%A9/%E5%A4%96%E6%BB%A9+(19).jpg',800,800,'2015-01-18 00:00:00',17,'scenic'),
	(133,'album','https://s3-ap-northeast-1.amazonaws.com/travle/%E6%9C%B1%E5%AE%B6%E8%A7%92/%E6%9C%B1%E5%AE%B6%E8%A7%92+(1).jpg',800,800,'2015-01-18 00:00:00',18,'scenic'),
	(134,'album','https://s3-ap-northeast-1.amazonaws.com/travle/%E6%9C%B1%E5%AE%B6%E8%A7%92/%E6%9C%B1%E5%AE%B6%E8%A7%92+(2).jpg',800,800,'2015-01-18 00:00:00',18,'scenic'),
	(135,'album','https://s3-ap-northeast-1.amazonaws.com/travle/%E6%9C%B1%E5%AE%B6%E8%A7%92/%E6%9C%B1%E5%AE%B6%E8%A7%92+(3).jpg',800,800,'2015-01-18 00:00:00',18,'scenic'),
	(136,'album','https://s3-ap-northeast-1.amazonaws.com/travle/%E6%9C%B1%E5%AE%B6%E8%A7%92/%E6%9C%B1%E5%AE%B6%E8%A7%92+(4).jpg',800,800,'2015-01-18 00:00:00',18,'scenic'),
	(137,'album','https://s3-ap-northeast-1.amazonaws.com/travle/%E6%9C%B1%E5%AE%B6%E8%A7%92/%E6%9C%B1%E5%AE%B6%E8%A7%92+(5).jpg',800,800,'2015-01-18 00:00:00',18,'scenic'),
	(138,'album','https://s3-ap-northeast-1.amazonaws.com/travle/%E6%9C%B1%E5%AE%B6%E8%A7%92/%E6%9C%B1%E5%AE%B6%E8%A7%92+(6).jpg',800,800,'2015-01-18 00:00:00',18,'scenic'),
	(139,'album','https://s3-ap-northeast-1.amazonaws.com/travle/%E6%9C%B1%E5%AE%B6%E8%A7%92/%E6%9C%B1%E5%AE%B6%E8%A7%92+(7).jpg',800,800,'2015-01-18 00:00:00',18,'scenic'),
	(140,'album','https://s3-ap-northeast-1.amazonaws.com/travle/%E6%9C%B1%E5%AE%B6%E8%A7%92/%E6%9C%B1%E5%AE%B6%E8%A7%92+(8).jpg',800,800,'2015-01-18 00:00:00',18,'scenic'),
	(141,'album','https://s3-ap-northeast-1.amazonaws.com/travle/%E6%9C%B1%E5%AE%B6%E8%A7%92/%E6%9C%B1%E5%AE%B6%E8%A7%92+(9).jpg',800,800,'2015-01-18 00:00:00',18,'scenic'),
	(142,'album','https://s3-ap-northeast-1.amazonaws.com/travle/%E6%9C%B1%E5%AE%B6%E8%A7%92/%E6%9C%B1%E5%AE%B6%E8%A7%92+(10).jpg',800,800,'2015-01-18 00:00:00',18,'scenic'),
	(143,'album','https://s3-ap-northeast-1.amazonaws.com/travle/%E6%9C%B1%E5%AE%B6%E8%A7%92/%E6%9C%B1%E5%AE%B6%E8%A7%92+(11).jpg',800,800,'2015-01-18 00:00:00',18,'scenic'),
	(144,'album','https://s3-ap-northeast-1.amazonaws.com/travle/%E6%9C%B1%E5%AE%B6%E8%A7%92/%E6%9C%B1%E5%AE%B6%E8%A7%92+(12).jpg',800,800,'2015-01-18 00:00:00',18,'scenic'),
	(145,'album','https://s3-ap-northeast-1.amazonaws.com/travle/%E7%8E%AF%E7%90%83%E9%87%91%E8%9E%8D%E4%B8%AD%E5%BF%83/%E7%8E%AF%E7%90%83%E9%87%91%E8%9E%8D%E4%B8%AD%E5%BF%83+(1).jpg',800,800,'2015-01-18 00:00:00',19,'scenic'),
	(146,'album','https://s3-ap-northeast-1.amazonaws.com/travle/%E7%8E%AF%E7%90%83%E9%87%91%E8%9E%8D%E4%B8%AD%E5%BF%83/%E7%8E%AF%E7%90%83%E9%87%91%E8%9E%8D%E4%B8%AD%E5%BF%83+(2).jpg',800,800,'2015-01-18 00:00:00',19,'scenic'),
	(147,'album','https://s3-ap-northeast-1.amazonaws.com/travle/%E7%8E%AF%E7%90%83%E9%87%91%E8%9E%8D%E4%B8%AD%E5%BF%83/%E7%8E%AF%E7%90%83%E9%87%91%E8%9E%8D%E4%B8%AD%E5%BF%83+(3).jpg',800,800,'2015-01-18 00:00:00',19,'scenic'),
	(148,'album','https://s3-ap-northeast-1.amazonaws.com/travle/%E7%8E%AF%E7%90%83%E9%87%91%E8%9E%8D%E4%B8%AD%E5%BF%83/%E7%8E%AF%E7%90%83%E9%87%91%E8%9E%8D%E4%B8%AD%E5%BF%83+(4).jpg',800,800,'2015-01-18 00:00:00',19,'scenic'),
	(149,'album','https://s3-ap-northeast-1.amazonaws.com/travle/%E7%8E%AF%E7%90%83%E9%87%91%E8%9E%8D%E4%B8%AD%E5%BF%83/%E7%8E%AF%E7%90%83%E9%87%91%E8%9E%8D%E4%B8%AD%E5%BF%83+(5).jpg',800,800,'2015-01-18 00:00:00',19,'scenic'),
	(150,'album','https://s3-ap-northeast-1.amazonaws.com/travle/%E7%8E%AF%E7%90%83%E9%87%91%E8%9E%8D%E4%B8%AD%E5%BF%83/%E7%8E%AF%E7%90%83%E9%87%91%E8%9E%8D%E4%B8%AD%E5%BF%83+(6).jpg',800,800,'2015-01-18 00:00:00',19,'scenic'),
	(151,'album','https://s3-ap-northeast-1.amazonaws.com/travle/%E7%8E%AF%E7%90%83%E9%87%91%E8%9E%8D%E4%B8%AD%E5%BF%83/%E7%8E%AF%E7%90%83%E9%87%91%E8%9E%8D%E4%B8%AD%E5%BF%83+(7).jpg',800,800,'2015-01-18 00:00:00',19,'scenic'),
	(152,'album','https://s3-ap-northeast-1.amazonaws.com/travle/%E7%8E%AF%E7%90%83%E9%87%91%E8%9E%8D%E4%B8%AD%E5%BF%83/%E7%8E%AF%E7%90%83%E9%87%91%E8%9E%8D%E4%B8%AD%E5%BF%83+(8).jpg',800,800,'2015-01-18 00:00:00',19,'scenic'),
	(153,'album','https://s3-ap-northeast-1.amazonaws.com/travle/%E7%8E%AF%E7%90%83%E9%87%91%E8%9E%8D%E4%B8%AD%E5%BF%83/%E7%8E%AF%E7%90%83%E9%87%91%E8%9E%8D%E4%B8%AD%E5%BF%83+(9).jpg',800,800,'2015-01-18 00:00:00',19,'scenic'),
	(154,'album','https://s3-ap-northeast-1.amazonaws.com/travle/%E7%8E%AF%E7%90%83%E9%87%91%E8%9E%8D%E4%B8%AD%E5%BF%83/%E7%8E%AF%E7%90%83%E9%87%91%E8%9E%8D%E4%B8%AD%E5%BF%83+(10).jpg',800,800,'2015-01-18 00:00:00',19,'scenic'),
	(155,'album','https://s3-ap-northeast-1.amazonaws.com/travle/%E4%B8%8A%E6%B5%B7%E8%B1%AB%E5%9B%AD/%E4%B8%8A%E6%B5%B7%E8%B1%AB%E5%9B%AD+(1).jpg',800,800,'2015-01-18 00:00:00',20,'scenic'),
	(156,'album','https://s3-ap-northeast-1.amazonaws.com/travle/%E4%B8%8A%E6%B5%B7%E8%B1%AB%E5%9B%AD/%E4%B8%8A%E6%B5%B7%E8%B1%AB%E5%9B%AD+(2).jpg',800,800,'2015-01-18 00:00:00',20,'scenic'),
	(157,'album','https://s3-ap-northeast-1.amazonaws.com/travle/%E4%B8%8A%E6%B5%B7%E8%B1%AB%E5%9B%AD/%E4%B8%8A%E6%B5%B7%E8%B1%AB%E5%9B%AD+(3).jpg',800,800,'2015-01-18 00:00:00',20,'scenic'),
	(158,'album','https://s3-ap-northeast-1.amazonaws.com/travle/%E4%B8%8A%E6%B5%B7%E8%B1%AB%E5%9B%AD/%E4%B8%8A%E6%B5%B7%E8%B1%AB%E5%9B%AD+(4).jpg',800,800,'2015-01-18 00:00:00',20,'scenic'),
	(159,'album','https://s3-ap-northeast-1.amazonaws.com/travle/%E4%B8%8A%E6%B5%B7%E8%B1%AB%E5%9B%AD/%E4%B8%8A%E6%B5%B7%E8%B1%AB%E5%9B%AD+(5).jpg',800,800,'2015-01-18 00:00:00',20,'scenic'),
	(160,'album','https://s3-ap-northeast-1.amazonaws.com/travle/%E4%B8%8A%E6%B5%B7%E8%B1%AB%E5%9B%AD/%E4%B8%8A%E6%B5%B7%E8%B1%AB%E5%9B%AD+(6).jpg',800,800,'2015-01-18 00:00:00',20,'scenic'),
	(161,'album','https://s3-ap-northeast-1.amazonaws.com/travle/%E4%B8%8A%E6%B5%B7%E8%B1%AB%E5%9B%AD/%E4%B8%8A%E6%B5%B7%E8%B1%AB%E5%9B%AD+(7).jpg',800,800,'2015-01-18 00:00:00',20,'scenic'),
	(162,'album','https://s3-ap-northeast-1.amazonaws.com/travle/%E4%B8%8A%E6%B5%B7%E8%B1%AB%E5%9B%AD/%E4%B8%8A%E6%B5%B7%E8%B1%AB%E5%9B%AD+(8).jpg',800,800,'2015-01-18 00:00:00',20,'scenic'),
	(163,'album','https://s3-ap-northeast-1.amazonaws.com/travle/%E4%B8%8A%E6%B5%B7%E8%B1%AB%E5%9B%AD/%E4%B8%8A%E6%B5%B7%E8%B1%AB%E5%9B%AD+(9).jpg',800,800,'2015-01-18 00:00:00',20,'scenic'),
	(164,'album','https://s3-ap-northeast-1.amazonaws.com/travle/%E4%B8%8A%E6%B5%B7%E8%B1%AB%E5%9B%AD/%E4%B8%8A%E6%B5%B7%E8%B1%AB%E5%9B%AD+(10).jpg',800,800,'2015-01-18 00:00:00',20,'scenic'),
	(165,'album','https://s3-ap-northeast-1.amazonaws.com/travle/%E4%B8%8A%E6%B5%B7%E8%B1%AB%E5%9B%AD/%E4%B8%8A%E6%B5%B7%E8%B1%AB%E5%9B%AD+(11).jpg',800,800,'2015-01-18 00:00:00',20,'scenic'),
	(166,'album','https://s3-ap-northeast-1.amazonaws.com/travle/%E4%B8%8A%E6%B5%B7%E8%B1%AB%E5%9B%AD/%E4%B8%8A%E6%B5%B7%E8%B1%AB%E5%9B%AD+(12).jpg',800,800,'2015-01-18 00:00:00',20,'scenic'),
	(167,'album','https://s3-ap-northeast-1.amazonaws.com/travle/%E4%B8%8A%E6%B5%B7%E8%B1%AB%E5%9B%AD/%E4%B8%8A%E6%B5%B7%E8%B1%AB%E5%9B%AD+(13).jpg',800,800,'2015-01-18 00:00:00',20,'scenic'),
	(168,'album','https://s3-ap-northeast-1.amazonaws.com/travle/%E4%B8%8A%E6%B5%B7%E8%B1%AB%E5%9B%AD/%E4%B8%8A%E6%B5%B7%E8%B1%AB%E5%9B%AD+(14).jpg',800,800,'2015-01-18 00:00:00',20,'scenic'),
	(169,'album','https://s3-ap-northeast-1.amazonaws.com/travle/%E4%B8%8A%E6%B5%B7%E8%B1%AB%E5%9B%AD/%E4%B8%8A%E6%B5%B7%E8%B1%AB%E5%9B%AD+(15).jpg',800,800,'2015-01-18 00:00:00',20,'scenic'),
	(170,'album','https://s3-ap-northeast-1.amazonaws.com/travle/%E4%B8%8A%E6%B5%B7%E7%A7%91%E6%8A%80%E9%A6%86/%E4%B8%8A%E6%B5%B7%E7%A7%91%E6%8A%80%E9%A6%86.jpg',800,800,'2015-01-18 00:00:00',21,'scenic'),
	(171,'album','https://s3-ap-northeast-1.amazonaws.com/travle/%E9%87%91%E7%9F%B3%E6%BB%A9%E6%99%AF%E5%8C%BA/%E5%A4%A7%E8%BF%9E%E9%87%91%E7%9F%B3%E6%BB%A9+(1).jpg',800,800,'2015-01-18 00:00:00',34,'scenic'),
	(172,'album','https://s3-ap-northeast-1.amazonaws.com/travle/%E9%87%91%E7%9F%B3%E6%BB%A9%E6%99%AF%E5%8C%BA/%E5%A4%A7%E8%BF%9E%E9%87%91%E7%9F%B3%E6%BB%A9+(2).jpg',800,800,'2015-01-18 00:00:00',34,'scenic'),
	(173,'album','https://s3-ap-northeast-1.amazonaws.com/travle/%E9%87%91%E7%9F%B3%E6%BB%A9%E6%99%AF%E5%8C%BA/%E5%A4%A7%E8%BF%9E%E9%87%91%E7%9F%B3%E6%BB%A9+(3).jpg',800,800,'2015-01-18 00:00:00',34,'scenic'),
	(174,'album','https://s3-ap-northeast-1.amazonaws.com/travle/%E9%87%91%E7%9F%B3%E6%BB%A9%E6%99%AF%E5%8C%BA/%E5%A4%A7%E8%BF%9E%E9%87%91%E7%9F%B3%E6%BB%A9+(4).jpg',800,800,'2015-01-18 00:00:00',34,'scenic'),
	(175,'album','https://s3-ap-northeast-1.amazonaws.com/travle/%E9%87%91%E7%9F%B3%E6%BB%A9%E6%99%AF%E5%8C%BA/%E5%A4%A7%E8%BF%9E%E9%87%91%E7%9F%B3%E6%BB%A9+(5).jpg',800,800,'2015-01-18 00:00:00',34,'scenic'),
	(176,'album','https://s3-ap-northeast-1.amazonaws.com/travle/%E9%87%91%E7%9F%B3%E6%BB%A9%E6%99%AF%E5%8C%BA/%E5%A4%A7%E8%BF%9E%E9%87%91%E7%9F%B3%E6%BB%A9+(6).jpg',800,800,'2015-01-18 00:00:00',34,'scenic'),
	(177,'album','https://s3-ap-northeast-1.amazonaws.com/travle/%E9%87%91%E7%9F%B3%E6%BB%A9%E6%99%AF%E5%8C%BA/%E5%A4%A7%E8%BF%9E%E9%87%91%E7%9F%B3%E6%BB%A9+(7).jpg',800,800,'2015-01-18 00:00:00',34,'scenic'),
	(178,'album','https://s3-ap-northeast-1.amazonaws.com/travle/%E9%87%91%E7%9F%B3%E6%BB%A9%E6%99%AF%E5%8C%BA/%E5%A4%A7%E8%BF%9E%E9%87%91%E7%9F%B3%E6%BB%A9+(8).jpg',800,800,'2015-01-18 00:00:00',34,'scenic'),
	(179,'album','https://s3-ap-northeast-1.amazonaws.com/travle/%E9%87%91%E7%9F%B3%E6%BB%A9%E6%99%AF%E5%8C%BA/%E5%A4%A7%E8%BF%9E%E9%87%91%E7%9F%B3%E6%BB%A9+(9).jpg',800,800,'2015-01-18 00:00:00',34,'scenic'),
	(180,'album','https://s3-ap-northeast-1.amazonaws.com/travle/%E9%87%91%E7%9F%B3%E6%BB%A9%E6%99%AF%E5%8C%BA/%E5%A4%A7%E8%BF%9E%E9%87%91%E7%9F%B3%E6%BB%A9+(10).jpg',800,800,'2015-01-18 00:00:00',34,'scenic'),
	(181,'album','https://s3-ap-northeast-1.amazonaws.com/travle/%E9%87%91%E7%9F%B3%E6%BB%A9%E6%99%AF%E5%8C%BA/%E5%A4%A7%E8%BF%9E%E9%87%91%E7%9F%B3%E6%BB%A9+(11).jpg',800,800,'2015-01-18 00:00:00',34,'scenic');

/*!40000 ALTER TABLE `pic` ENABLE KEYS */;
UNLOCK TABLES;


# Dump of table scenic
# ------------------------------------------------------------

DROP TABLE IF EXISTS `scenic`;

CREATE TABLE `scenic` (
  `id` int(11) unsigned NOT NULL AUTO_INCREMENT,
  `name` varchar(255) DEFAULT NULL,
  `info` text,
  `ticket` text,
  `location` varchar(255) DEFAULT NULL,
  `traffic` text,
  `notice` text,
  `city_id` int(11) DEFAULT NULL,
  `area_id` int(11) DEFAULT NULL,
  `url` varchar(255) DEFAULT NULL,
  `url_large` varchar(255) DEFAULT NULL,
  `enable` int(1) DEFAULT '1',
  `stars` int(11) DEFAULT NULL,
  `culture` int(11) DEFAULT NULL,
  `heritage` int(11) DEFAULT NULL,
  `sight` int(11) DEFAULT NULL,
  PRIMARY KEY (`id`)
) ENGINE=InnoDB DEFAULT CHARSET=utf8;

LOCK TABLES `scenic` WRITE;
/*!40000 ALTER TABLE `scenic` DISABLE KEYS */;

INSERT INTO `scenic` (`id`, `name`, `info`, `ticket`, `location`, `traffic`, `notice`, `city_id`, `area_id`, `url`, `url_large`, `enable`, `stars`, `culture`, `heritage`, `sight`)
VALUES
	(1,'故宮','故宮（こきゅう）は、中華人民共和国の首都北京市に所在する明清朝の旧王宮である歴史的建造物。面積は 725,000m² あり、世界最大の皇宮で、明と清の24代にわたる皇帝の宮城であった。1987年、「北京と瀋陽の明・清王朝皇宮」の一つとしてユネスコの世界遺産（文化遺産)に登録されている。名称故宮とは「古い宮殿、昔の宮殿」という意味で、現在は博物館（故宮博物院#中国 北京市）になっている。黄色と朱色からなる故宮博物院は幻想的な世界で、観る者の期待を決して裏切りません。','☆公園の開放時間＆料金:\r・4～10月 8:00～16:00、入園料60元\r・11～3月 8:30～15:30、入園料40元\r月曜日閉館(祝日と、7月1日から8月31日までの夏季休暇を除く)\r※鐘表館と珍宝館は別途10元                                                                                                        \n※留学生は中国で発行された学生証により学割が適用される場合があるが、基本的に外国人は子供も含めて一般料金が適用になる。','北京市東城区故宮博物院','・北京市地下鉄1号線天安門西站（駅）より故宮博物院紫禁城へ徒歩約11分\r・天安門西站（駅）よりバス1、5、10、22、37、52、205、99、728番線、專1番線、專2番線 で約5分（1元 )\r・天安門東站（駅）よりバス1、2、10、20、82、120、37、52、126、99、203、205、210、728番線、專1番線、專2番線で約5分(1元 )\r・北京国際空港から故宮博物院南門までタクシーで約32分\r・北京市地下鉄5号線東四站（駅）から、神武門（北門）へ故宮下車：バス109、609、619番線乗車約13分(1元 )','①2011年7月より故宮観光は南(午門)から入って北(神武門)から出るという一方通行になった。以前のように北からの入場&チケット購入はできないので要注意 !\n②2013年5月より、故宮内の灰皿が全撤去され全面禁煙になった。',1,4,'https://s3-ap-northeast-1.amazonaws.com/travle/%E6%95%85%E5%AE%AB/%E6%95%85%E5%AE%AB+(14).jpg','https://s3-ap-northeast-1.amazonaws.com/travle/%E6%95%85%E5%AE%AB/%E6%95%85%E5%AE%AB+(14).jpg',1,NULL,1,1,0),
	(2,'頤和園','頤和園は、北京の海淀区西郊外に位置し、市の中心からの距離は12キロほどのところにある、中国に現存する最大の古代庭園（園林）である。1998年12月に、ユネスコの世界文化遺産に登録された。\r頤和園は元々清蔬園と呼ばれ、清代の繁栄期である乾隆年間（1736～1795年）に創建された。乾隆帝は色を好まず、放蕩をきらい、ただ「山水の楽、懐に忘るあたわず」『御制静宜園記』を心情としていた。清蔬園の施工平面図や立体模型は、すべてみずから審査許可して、所管した。清蔬園は乾隆15年（1750年）に着工、15年の歳月を経て、乾隆29年（1764年）に完工した。\r 乾隆帝が手がけた清蔬園は、歴代皇帝と同様に、その思想と好みによって建造され。乾隆帝は「天人合一、皇帝権力至上の思想」、「長寿不老の神仙思想」、「享楽の思想」を造園思想とした。そのため、清蔬園は歴代皇室の庭園や私家庭園、名山大川、著名な寺院の精華を融合させて、中国の典型的な庭園芸術の代表作となったのである。 ','☆公園の開放時間＆料金:\r・4～10月　6：30～18:00、入園料30元　通し券60元　\r・11～来年3月8：30～17:00、入園料：20元　通し券：50元　\r☆観光ポイントの開放時間\r・4～10月　　7：00～17：00\r・11～来年3月　9：00～16：00\r','北京市海淀区新建宫門路19号   ','交通アクセス:   \r・バス209、330、331、332、346、394、712、718、726、732、696、683、801、808、817、926番線、頤和園バス停で下車。\r・バス303、330、331、346、375、384、393、634、716、718、696、683、801、808、817、834、特5番線、頤和園北宮門バス停で下車。\r・バス374、437、704、992、481、952番線、頤和園新建宮門バス停で下車。\r・バス469番線、頤和園西門バス停で下車。\r','①平均観光時間は3～7時間\r②近くにある観光地：',1,4,'https://s3-ap-northeast-1.amazonaws.com/travle/%E9%A2%90%E5%92%8C%E5%9B%AD/yiheyuan007.jpg','https://s3-ap-northeast-1.amazonaws.com/travle/%E9%A2%90%E5%92%8C%E5%9B%AD/yiheyuan007.jpg',1,NULL,1,1,0),
	(5,'天壇','天壇は北京市の南端に位置して、明の永楽帝の十八年（1420年）に建てられて、天神と地神を祭ったり豊作を祈ったりした場所である。1998年１１よりユネスコの世界遺産（文化遺産）に登録された。北京にある「壇」建築（日壇、月壇、地壇、社稷壇、先農壇）の中天壇の面積はきわめて広い。東西の長さが１７００メートルで、南北の幅が１６００メートルで ある。総面積は約２73万平方メートルである。総面積はは270万㎡、故宮のそれの４倍を超える    天壇は圜丘壇と祈年殿を含んで、内塀と外塀が回”字形になっている。最北端の塀は半円型で、最南端の塀は東西の塀と直角に交差して方型に呈する。全体は「北円く南四角い」の形を呈しているが、これは「天は丸いもので、地は四角のもの」という天地意識を象徴する。外壇の塀は東、南、北の方向に門を設立しないで、西の方に門を二つ立てて、つまり、圜丘壇門と祈年殿門である（天壇門とも言う）。それに対して、内壇の塀の周りに門があってつまり、東天門、西天門、北天門と南天門という四つの門がある。内壇に祭壇や斎宮や東西方向の横塀があって、南のほうは「園丘壇」であって、北の方は「祈穀壇」である。','☆公園の開放時間＆料金:\r・4～10月　6:00～21:00、入園料15元　通し券35元　\r・11～来年3月　6:00～20:00、入園料：10元　通し券：30元　\r☆観光ポイントの開放時間\r・3～6月：8:00-17:30　\r　公園入り口での通し券切符売りは16：00まで\r　観光ポイントでの切符売りは17：00まで\r・7～10月：8:00-18:00　\r　公園入り口での通し券切符売りは16：30まで\r　観光ポイントでの切符売りは17：30まで\r・11～ 2月：8:00-17:００　\r　公園入り口での通し券切符売りは15：30まで\r　観光ポイントでの切符売りは16：30まで','北京市崇文区天壇路','交通アクセス：\r・バス7、17、20、35、36、69、71、105、106、110、120、692、707、729、特11、826番線、天橋バス停で下車。\r・バス15番線、天橋商場バス停で下車。\r・バス6、34、35、36、106、110、687、707番線、天壇北門バス停で下車。\r・バス2、20、35、69、71、504、826番線、天壇西門バス停で下車。\r・バス36、53、120、122、525、610、800、特11、814、958、特3、運通102番線、天壇南門バス停で下車。\r・バス6、25、34、35、36、39、41、43、60、116、525、610、684、685、687、707、723、814番線、法華寺バス停で下車。\r・北京市地下鉄5号線天壇の東門駅で下車、西南口より徒歩約5分','平均観光時間1～2時間',1,4,'https://s3-ap-northeast-1.amazonaws.com/travle/%E5%A4%A9%E5%9D%9B/%E5%A4%A9%E5%9D%9B+(8).jpg','https://s3-ap-northeast-1.amazonaws.com/travle/%E5%A4%A9%E5%9D%9B/%E5%A4%A9%E5%9D%9B+(8).jpg',1,NULL,1,1,0),
	(6,'八達嶺長城','万里の長城は「世界７大奇跡」の1つで、中国観光のハイライトである。万里の長城は紀元前７世紀の春秋時代から明代まで、約2000年以上に亘り、造成を重ねてきたもので、現存するものの大部分は、明代の建造で、総延長約6000キロの世界最大の城壁である。衛星写真でもはっきりと見ることができる。 \r八達嶺長城は、北京から約60キロ離れた居庸関の北に位置し、保存状態がよく、長城の中でも代表的な区間である。 \r八達嶺長城の城壁は、中国が統一された秦の始皇帝の時代に、「匈奴」の侵略から領土を守るために建設され、その後、城壁は拡大と延長を繰り返し、明朝の時代に完成したといわれている 城壁の総延長は、7300キロで、城壁は、西は嘉峪関の砂漠から東は渤海まで続いている。高さは平均、7.8メートル、土台は重さ500キロの巨大な花崗岩で築かれている。 城壁の上には、馬5頭もしくは、人10人が並んで進むことができる。 東西に１つづつある城楼は古代の関所で、明の弘治十八年（1505年）に建造されたもので、 東の門には「居庸外鎮」、西の門には「北門鎖鑰」と字が彫られている。 \r万里の長城は1987年世界文化遺産に登録されている。','☆公園の開放時間＆料金:\r・4～10月　6：30～19:00、入園料45元　　\r・11～3月　7：00～18:00、入園料：40元\n※八達嶺長城ロープウェイを利用する場合は、片道60元、往復80元\r※留学生は中国で発行された学生証により学割が適用される場合があるが、基本的に外国人は子供も含めて一般料金が適用になる。\r※音声ガイドサービスあり、\r　・中国語の場合、10元\r　・英語、日本語、韓国語、フランス語の場合、40元','北京市万里の長城','交通アクセス:   \r・バスの場合は下記のバス停留所から利用できる、乗車時間はおよそ1時間\r　徳勝門からバス919番線\r　前門からバス「游1番線」\r　北京駅東街からバス「游2番線」\r　歴史博物館西門からバス「游2番線支線」\r　東大橋からバス「游3番線」\r　西直門・動物園からバス「游4番線」\r　苹果園からバス「游4番線支線」\r　前門西タクシー乗り場からバス「游4番線」\r　安定門・前門からバス「游8番線」\r・鉄道の場合は「北京北」駅発の「沙城」行きで「八達嶺」駅下車。メインゲートまではかなりの距離を歩くことになる。\r※列車の発車情報：月曜日から木曜日までは、一日8往復、\r　金、土、日および祝日の前日は、一日12往復\r　北京北駅の始発列車発車時間：6：12、\r　八達嶺駅の終電列車発車時間：21：33\r　発車間隔は30分－1時間30分','平均観光時間1～2時間',1,4,'https://s3-ap-northeast-1.amazonaws.com/travle/%E9%95%BF%E5%9F%8E/changcheng010.jpg','https://s3-ap-northeast-1.amazonaws.com/travle/%E9%95%BF%E5%9F%8E/changcheng010.jpg',1,NULL,1,1,0),
	(7,'明の十三陵','明の十三陵（みんのじゅうさんりょう）とは、中国の北京市昌平区天寿山にある明代の皇帝、后妃の陵墓群である。成祖永楽帝以後の皇帝13代の皇帝の陵墓があるため、この通称がある。十三陵は、中国に現存する最大の皇帝陵墓群で、2000年には世界文化遺産に登録された。東、西、北の三方を山に囲まれ、すばらしい地理環境に恵まれている。楼門を過ぎると、参道には皇帝の死後も権力を守り続ける象徴としての象、馬、駱駝、功臣官、文臣官、武将像など重厚な石像が並んでいる。一般公開されているものは定陵と長陵、昭陵。定陵は、第14代神宗万暦帝の陵墓で、中殿には漢白玉の王座、後殿には万暦帝と左右に２人の皇后の棺が安置されている。長陵は十三陵の中で最大規模を誇る第3代永楽帝の陵墓である。','☆公園の開放時間＆料金:\r定陵：\r・4～10月　8：00～17:30、入園料60元　　\r・11～3月　8：30～17:00、入園料：40元\r長陵：\r・4～10月　8：00～17:00、入園料45元　　\r・11～3月　8：30～16:30、入園料：30元\r昭陵：\r・4～10月　8：30～17:00、入園料30元　　\r・11～3月　8：30～16:30、入園料：20元\r神道：\r・4～10月　8：10～17:50、入園料30元　　\r・11～3月　8：30～17:00、入園料：20元\r※明の十三陵は通し券がありません、書く観光ポイントで切符を購入するのみとなる。','北京市昌平区十三陵特区','交通アクセス:  \r・前門または北京駅より明の十三陵行き観光バスに乗車\r・徳勝門よりバス345番線に乗車し、昌平北駅で降りる\r・徳勝門よりバス345番線に乗車し、昌平東関駅でバス314番線に乗り換える\r・徳勝門西駅よりバス881番線に、昌平東関駅でバス314番線に乗り換える\r・徳勝門駅よりバス872番線\r・北京市地下鉄5号線天通苑北駅でバス昌22番線に乗り換える\r定陵・長陵：\r・徳勝門西駅よりバス345番線に、昌平東関駅でバス314番線に乗り換える\r・徳勝門西駅よりバス881番線に、昌平東関駅でバス314番線に乗り換える\r昭陵：\r・徳勝門西駅よりバス345番線に、昌平体委駅でバス昌22番線に乗り換える\r・徳勝門西駅よりバス881番線に、沙河駅でバス昌22番線に乗り換える\r・北京立水橋よりバス昌22番線に乗車、昭陵村で降りる\r神道\r・徳勝門西駅よりバス345番線に、昌平体委駅でバス22番線に乗り換える\r・徳勝門西駅よりバス345番線に、昌平東関駅でバス314番線に乗り換え、南新村で降りる\r・徳勝門西駅よりバス881番線に、昌平東関駅でバス314番線に乗り換え、南新村で降りる\r・北京市地下鉄5号線天通苑北駅でバス昌22番線に乗り換える','明の十三陵は八達嶺長城と同じ方向にあるので、北京での観光スケジュールを立てるときは同じ日にしたほうがいい。',1,4,'https://s3-ap-northeast-1.amazonaws.com/travle/%E6%98%8E%E5%8D%81%E4%B8%89%E9%99%B5/%E6%98%8E13%E9%99%B5+(4).jpg','https://s3-ap-northeast-1.amazonaws.com/travle/%E6%98%8E%E5%8D%81%E4%B8%89%E9%99%B5/%E6%98%8E13%E9%99%B5+(4).jpg',1,NULL,1,1,0),
	(8,'恭王府','王府（皇族の邸宅）は中華民族の伝統文化の重要な一部分となっている。北京西城区の前海西街にある恭王府は、1776年に建築された貴族（親王）の邸宅と庭園で、国において現存する王府の中では、最も保存状態の良い清時代の王府である。また全国重点文化財保護部門として、中国の王府文化の代表的存在になっている。恭王府の面積は、61120㎡にも及び広大な敷地には邸宅や美しい庭園などが設けられており、恭王府内を花散歩すると、清朝の貴族の生活を垣間見ることができる。','☆公園の開放時間＆料金:\r・3～7月　7：30～16:30\r・8～2月　8：00～16:00\r入園料：一律大人40元\r　※身長120cm以下の子供は無料、身長120cm～140cmの子供は、半額','北京市西城区前海西街17号','交通アクセス:  \r・北京地下鉄6号線北海北駅（站）より徒歩約6分\r・バス停東官房站（バス13、42、107、111、118、810、850番線）から徒歩約5分\r・バス停北海北門站（バス13、42','平均観光時間2～3時間',1,4,'https://s3-ap-northeast-1.amazonaws.com/travle/%E6%81%AD%E7%8E%8B%E5%BA%9C/%E6%81%AD%E7%8E%8B%E5%BA%9C+(11).jpg','https://s3-ap-northeast-1.amazonaws.com/travle/%E6%81%AD%E7%8E%8B%E5%BA%9C/%E6%81%AD%E7%8E%8B%E5%BA%9C+(11).jpg',1,NULL,1,0,0),
	(9,'景山公園','元代には皇室の御苑で、明代に永楽帝が風水の関係から、護城河の開削の残土で人工の丘を築いた。明代には万寿山の名で呼ばれ、清の順治12年（1655年）に景山改名された。 \r景山公園は、清代の皇室の禁苑で、1928年に民衆に開放され、面積は23万㎡、高さは44.6ｍ（海抜88.7ｍ）、頂上に三層の万春亭がある。清代には京城の中で最も高い地点だった。万春亭からは南に広がる北京の城下を一望でき、特に夕刻には眼下の紫禁城の甍が夕日で黄金色に輝き絶景を楽しめる。 ','☆公園の開放時間＆料金:\r6：30～21：00\r入園料：10元','北京市西城区景山西街44号','交通アクセス:                                                                                        \r・バス5番線、景山西街バス停で下車\r・バス58番線、111番線、景山東街バス停で下車\r・バス819番線、景山バス停で下車\r・バス101、103、103快、109、814番線、故宮バス停で下車','平均観光時間1～2時間',1,4,'https://s3-ap-northeast-1.amazonaws.com/travle/%E6%99%AF%E5%B1%B1%E5%85%AC%E5%9B%AD/%E6%99%AF%E5%B1%B1%E5%85%AC%E5%9B%AD+(9).jpg','https://s3-ap-northeast-1.amazonaws.com/travle/%E6%99%AF%E5%B1%B1%E5%85%AC%E5%9B%AD/%E6%99%AF%E5%B1%B1%E5%85%AC%E5%9B%AD+(9).jpg',1,NULL,1,0,0),
	(10,'天安門広場','北京天安門広場は世界で一番広い広場。中華人民共和国のシンボル的存在の広場で、 広場中央に建つのが人民英雄記念碑で、西に人民大会堂、東に中国革命歴史博物館、南には毛主席記念堂が建っている。いつも観光客で賑わっているが、20世紀の歴史舞台としてその役割を果たしてきた。広場中央の国旗掲揚台では毎朝、日の出とともに人民解放軍の兵士により五星紅旗が掲揚される。 ','☆広場の開放時間＆料金:\r5：00～22：00\r※毎日22：00以降の立ち入りは禁止されている\r入園料：無料','北京市東城区天安門広場','交通アクセス: \r・バス1、2、5、7、9、10、17、20、22、44、48、53、54、59、110、120、309支、特1、特2、特3、特4、703、726、729、742、803、808、819、826、848、859、922天安門駅で下車\r・地下鉄1号線天安門東駅、天安門西駅で下車\r・地下鉄2号線前門駅で下車','平均観光時間1～2時間',1,4,'https://s3-ap-northeast-1.amazonaws.com/travle/%E5%A4%A9%E5%AE%89%E9%97%A8/%E5%A4%A9%E5%AE%89%E9%97%A8+(7).jpg','https://s3-ap-northeast-1.amazonaws.com/travle/%E5%A4%A9%E5%AE%89%E9%97%A8/%E5%A4%A9%E5%AE%89%E9%97%A8+(7).jpg',1,NULL,1,0,0),
	(11,'北京オリンピック公園','北京オリンピック公園（中: 奥林匹克公园）は、北京市朝陽区に北京オリンピック開催のために整備された総合運動公園。愛称はオリンピック・グリーン。オリンピック公園は11.59km2の総面積を持ち、施設は3つの部分に分かれており、オリンピック森林公園、スポーツ施設、国家オリンピックスポーツセンターに分かれている[1]。1990年に完成した国家オリンピックスポーツセンターは同年開催のアジア大会に向けて建設された。オリンピックスポーツセンタースタジアム、オリンピックスポーツセンター体育館、英東水泳館の3つの施設がある。北京オリンピックの主会場である鳥の巣、水立方等はすべて公園内にある。また、中国科学館、オリンピック森林公園など観光名所は公園周辺にあるので、いくときはこれらの名勝も一緒に見ることをお勧めする。','☆開放時間＆料金\r門がないため、開放時間は年間無休、24時間営業\r入園料：無料','北京市朝阳区北辰東路15号','交通アクセス  \r・地下鉄8号線に乗り、「オリンピック公園」駅で下車','平均観光時間1～2時間',1,4,NULL,NULL,1,NULL,1,0,0),
	(12,'鳥の巣',' 鳥の巣は第２９回オリンピック大会の主会場であり、北京オリンピック公園の内に位置して、北京の中枢線北端の東にある。建築面積は２５．８万平方メットルで、敷地面積は２０．４万平方メットルである。２００８年オリンピック大会開催期間中、開閉幕式陸上競技や男子サッカー決勝などの試合はすべてここで行われた。観客席は十万個で、その中で臨時席は二万個が含めている。 \r  一連の輻射式扉式の鋼の構造がお碗の形をしている座席エリアを囲まれて回転してなしている。空間構造は合理的かつ簡潔で、建物と構造は完璧に統合されている。デザインが珍しくて、構造がユニックゆえに、国内外に独特な建築となる。国家体育場（国家スタジアムとも表記される）は2003年12月24日に工事を始め、2006年に完成し、使用され始めた。 \r  体育場構造の部品がお互いに支えて、ネット状な枠を形成した。外観は枝で作られた鳥の巣のように見える。その灰色の鉱質のような鋼網が透明な膜材料で覆われて、その中に赤色なお碗の形をする体育場観覧席も含まれる。ここで、中国伝統文化中での透かし彫りの技法、陶磁器のしわ、赤色の輝きと情熱、そして最先端的な鋼構造の設計は完璧に融合されている。 \r  全建築は巨大なネット状構造を通じて繋がり、内部に立て柱は一つもない。観覧席が何の遮ることもないのお碗の形で、、巨大な容器みたいに、体育場に不思議な素晴しさと掛け替えない感動さをもたらす。このような均一で連続したネット状は観客に最高な視野を与えて、興奮のテンションを引き上げて、スポーツマンをより速く、高く、強い目標に向かって努力しようと励む。 \r  オリンピック大会閉幕後、八万人が収容できて、重大なスポーツイベント、および非競争イベントの各種さまざまな試合はここで開催されるようになる。鳥の巣は北京で市民のために幅広くスポーツイベントに参加する機会を提供して、楽しめることができる大型なプロ場所であり、全国でも有名なスポーツとエンターテイメントの建物である。',' ☆体育場開放時間＆料金：\r　開放時間：\r　　4月～10月：9：00～9：00   \r      11月～3月：9：00～17：30\r   料金：\r　　50元\r　　通し券（鳥の巣・水立方）：80元\r　　頂美（空中回路）：80元\r　　ＶＩＰ入場券：80元\r      頂美・ＶＩＰ通し券：110元','北京市朝阳区国家体育場南路1号（北京オリンピック公園内）','ＴＥＬ：010-84373008\r交通アクセス  \r・地下鉄8号線に乗り、「オリンピック公園」駅で下車\r・バス380、405、408、415、4１7、518番線に乗って、慧忠里駅で下車\r・バス108、124、328、358、358区、379、380、387、406、408、419、426、430、479、653、694、758、803、849、850、858、984、985番線、特２、運通110に乗って、安慧橋北駅で下車\r・バス207、417番線に乗って北辰東番線駅で下車\r・バス510、839番線に乗って北辰西橋北駅で下車','平均観光時間1～2時間',1,4,'https://s3-ap-northeast-1.amazonaws.com/travle/%E9%B8%9F%E5%B7%A2/%E9%B8%9F%E5%B7%A2+(2).jpg','https://s3-ap-northeast-1.amazonaws.com/travle/%E9%B8%9F%E5%B7%A2/%E9%B8%9F%E5%B7%A2+(2).jpg',1,NULL,1,0,0),
	(13,'ウォーターキューブ','中国国家水泳センターは「水立方」（Water Cube）とも呼ばれ、北京オリンピック公園の中にある。2008年の北京オリンピック大会の際に建てられた水泳競技の施設であり、また2008年北京オリンピックの代表的な建築物の一つでもある。 \r　水立方と俗称「鳥の巣」と呼ばれる北京国家体育館（国家スタジアム）は北京市内を分断する中心線の北の両端にあり、両者が北京の歴史文化都市のイメージをなしている。建坪は65000-80000平方メートルで、うち地下部分の面積が15000㎡以上ある。建物の大きさは幅177m、奥行き 177m、高さ30mである。\r水立方は四階建てで、地下１階には競技会場、１階は見学スペース、２階は観客席、３階には競技場の管理事務所がある。 \r水立方の建築構造は石鹸の泡が堆積する様子を表している。その表面は細胞の配列と石鹸の泡のようなデザインになってる。このような構造は今までにないもので創意工夫に満ち溢れている。最も人の目を引いたのは水の泡のような外壁である。この外壁は透明で、館内にとても多くの光を取り込む役割を果たしている。 \r館内は数階に分かれており、対称的に並んだ観客席からは見通しがよく、建物の白がプールの青にとても映えている。2008年のオリンピック大会の期間中、水泳、飛び込み、シンクロナイズド・スイミングなどの競技は「水立方」で行われした。館内は17000人の観客が収容でき、そのうち座席数は6000席、オリンピック期間中に増設された臨時席（試合後撤去）が11000席ある。 \rオリンピック後には「水立方」は水泳、運動、レクリエーションを楽しむ総合的な国際レベルのスポーツセンターになる予定である。「水立方」と「鳥の巣」は北京市の新しいシンボル的な建物になった。 ','☆センターの開放時間＆料金:\r月曜日～日曜日　９：００～２１：００\r※事情により、開放時間を変更する場合がある、正しい開放時間は館内に掲示された当日開放時間を参照\r※切符売り場開放時間：９：００～２０：３０\r\r入園料：３０元\r\r※身長１２０cm以下の児童は大人の同伴の元、無料となる\r※観光ガイドサービスがある、中国語のガイドは１００元/回、英語の場合は１５０元/回\r\r※そのほか、センター内には利用できるプールと水上楽園、劇場がある。\r　・プール：\r　　開放時間　9：00～21：00（切符売りは19：00まで）\r　　料金：50元\r\r　・水上楽園：\r　　開放時間　10：00～21：00（切符売りは19：30まで）\r　　料金：260元\r\r　・水滴劇場\r　　上映時間：9：30～16：45\r　　※上映されているのはコマーシャルと映画等があるが、上映スケジュールは公式サイトを参照。そのうち、コマーシャルは無料、当日センターの入場券で一回観ることができる。映画は有料、料金は20元/人。\r','北京市朝陽区天辰東路11号  （北京オリンピック公園内）','交通アクセス  \r・地下鉄8号線に乗り、「オリンピック公園」駅で下車\r・バス689、611、658、386、407、656、660、740内、740外、753、939、944、944支、983支、運通113線に乗って北辰橋西駅で下車\r・バス81、82、510、839番線に乗って北辰西橋北駅で下車','平均観光時間1～2時間',1,4,'https://s3-ap-northeast-1.amazonaws.com/travle/%E6%B0%B4%E7%AB%8B%E6%96%B9/%E6%B0%B4%E7%AB%8B%E6%96%B9+(1).jpg','https://s3-ap-northeast-1.amazonaws.com/travle/%E6%B0%B4%E7%AB%8B%E6%96%B9/%E6%B0%B4%E7%AB%8B%E6%96%B9+(1).jpg',1,NULL,1,0,0),
	(14,'中国科学技術館',' 中国科学技術館は国立の科学技術館であり、全館占有面積は5.8ヘクタール、総建築面積は6.5万㎡。1988年に建設された2万㎡の一期プロジェクト部分が一般に開放され、2000年には2.2万㎡の新ホールが新世紀の幕開けとともに一般に開放された。\r　中国科学技術館の主な役割は展示、研修、実験である。その特徴は、科学の原理と応用にもとづいて、科学的、知識性、興味性を併せ持った展示設計になっている。入場者が自ら進んで探究、実践したくなるように工夫して作られている。科学知識を広めるだけではなく、さらに広く科学への興味と関心を持ってもらうことを目的とし、科学的思考とその普及も担っている。\r　主な物として、航空と宇宙・エネルギーと交通・材料と機械・情報技術・生命科学・環境科学および基礎科学など、それぞれの分野に展示物300あまり、さらに中国古代の科学技術を示したものが250あまり展示されている。','☆開放時間＆料金:\r開放時間：火曜日～日曜日　9：30～17：30\r閉館日：月曜日（祝日を除く）、大晦日、旧正月、旧暦の正月二日\r入園料：\r・主展示ホール：30元\r　※未成年者（18歳以下）は下記の開館日以外の日に大人の同伴で入園する場合、入園料が無料となる：祝日、土曜日、日曜日、こどもの日（中国の場合は6月1日）、夏休み（7月1日～8月31日）、それ以外の場合は、半額となる\r\r・科学楽園展示ホール：\r　大人10元、子供20元\r・映画館\n   30元\r※切符売り場開放時間：火曜日～日曜日（9：30～16：00）、閉館時間は切符を売りません。','北京市朝陽区北辰東路5号','交通アクセス:  \r・地下鉄8号線に乗り、「オリンピック公園」駅で下車、東北口より出る\r・地下鉄8号線に乗り、「森林公園南門」駅で下車、南口より出る\r・バス328, 379, 419, 484, 617線, 628, 630, 751, 913, 運通110線, 40番線を利用、洼里南口バス停で下車','①当日券で購入する場合は、科学技術館西口より入場してください。\r②一部の展示品は定時展示となっているため、西ホールで展示スケジュール表をもらって確認してください。',1,4,NULL,NULL,1,NULL,1,0,0),
	(15,'オリンピック森林公園','北京オリンピック森林公園（英語名：Beijing Olympic Forest Park）は、北京オリンピックメインスタジアムエリアの北側に位置し、敷地面積は約7000平方メートルもある。北京を南北に貫く中軸線の北の端にあり、緑で覆われた北京最大の湿地公園である。\r  地下鉄8号線はオリンピック専用線路として建設され、駅内は鳥の巣（オリンピックスタジアム）に似た建築スタイルで装飾されている。壁にも中国の代表的な要素、「青花磁」と呼ばれる陶磁器の柄絵が描かれている。\r　公園の南門を入ると、ユニークな形の二人乗りの自転車や小型電気自動車などをレンタル出来る場所がある。\r公園の北側には、春から夏を北京で過ごす渡り鳥のアマツバメが「巣を作れるように」と設けられた「アマツバメ塔」、多くの大木が植えられた「大樹園」、ヒマワリが中心に植えられた広さ10万平方メートルにもなる広場などがある。\r　北京オリンピック森林公園は、「自然あふれる公園」と呼ばれている。全体のイメージにあわせ、トイレマークや案内看板にも木をモチーフにしたデザインが使われている。\r　忙しい毎日を過ごし、時には心身を開放して、自然な森や花に包まれリラックスしたいと思っているのであれば、「北京オリンピック森林公園」へ足を運んでみてください。','☆公園の開放時間＆料金:\r・3月15日～11月15日　6：00～20：00\r・11月16日～3月14日　6：00～20:00\r入園料：無料','北京市朝阳区安立路(「鳥の巣」の北侧) ','交通アクセス:  \r・地下鉄8号線に乗り、「オリンピック森林公園南門」駅で下車','①公園内は自動車、自転車の通行を禁止しておりますが、公園内で自転車または電動車のレンタルができる。\r②直行バスがないため、行くときは地下鉄を利用することがお勧め',1,4,NULL,NULL,1,NULL,0,0,1),
	(16,'承徳避暑山荘と外八廟','承徳避暑山荘と外八廟（しょうとくひしょさんそうとがいはちびょう）は中国、河北省、承徳市にある離宮。1994年にはユネスコの世界遺産（文化遺産）に登録された。\r  北京から東北に250km離れた承徳は、気候が爽やかで、山々とゆったり流れる武烈河が山紫水明と呼ぶのにふさわしい土地。ここに清王朝歴代皇帝が夏の離宮として造営した「避暑山荘」がある。山荘の面積は564万㎡、建物は110余り、塀の長さは10kmという広大さで、承徳市の約半分を占めている。1703年康熈帝が造営を始めてから89年後の乾隆帝の時代に完成した。現存する世界最大の皇室御苑として、訪れる人も多い。\r 　「避暑山荘」は素朴で野趣あふれる佇まいが特徴で、山水の自然な姿が生かされている。「宮殿区」と「苑景区」のふたつに分かれ、「宮殿区」は皇帝の執務や儀式、生活が行われた場所。楠をそのまま使った正宮など、簡素でいて格調高い建物が多い。「苑景区」には湖、平原、山などがあり、中国各地の有名な楼閣を模した建物が並ぶ湖畔や、手つかずの渓谷美など、多彩な風景が楽しめる。中には冬でも凍らない泉･熱河泉があり、この山荘を別名「熱河行宮」ともいう。中国全土のミニチュア版とも呼べる景観が広がり、満州族出身の康熈帝･乾隆帝が憧れた江南地方の美しい風景を、離宮に再現している。\r 　山荘の東と北を取り巻くように並ぶ寺廟群が「外八廟」。1713年から1780年にかけて建立され、主に清朝が尊重したチベット仏教の寺院。小ポタラ宮と呼ばれる「普陀宗乗之廟」や北京の祈年殿に似た「普楽寺の旭光閣」、高さ22m余りと世界で一番高い木彫の仏像がある「普寧寺の大乗之閣」など色彩豊か。それぞれに個性的で華麗な建物が林立している。その姿は隣の「避暑山荘」の重厚素朴な味わいとは対極にある。\r　※外八廟：溥仁寺、溥善寺、普楽寺、安遠廟、普寧寺、普祐寺、広縁寺、須弥山福寿之廟、普陀宗乗之廟、広安寺、羅漢堂、殊像寺','☆開放時間＆料金\r・承徳避暑山荘景区\n   4月～10月：　7:00～18:00　入園料：120元\r　11月～3月：　8:00～17:30　入園料：90元\r　  (承徳避暑山荘入場料と承徳避暑山庄博物館入場料を含め)     \r・小ポタラ宮景区（中：布达拉·行宫bù dá lā·xíng gōng  \rブー ダー ラー·シン ゴン ）\r　4月～10月：　8:00～17:00　入園料：80元\r　11月～3月：　8:30～16:30　入園料：60元\r　（普陀宗乗之廟入場料、須弥福寿之廟入場料を含め）      \r・普寧寺景区\r　4月～10月：　8:00～17:00　入園料：80元\r　11月～3月：　8:30～17:00　入園料：60元\r(普寧寺入場料と普祐寺入場料を含め）\r・磬錘峰景区　\r　4月～10月：　7:00～18:00　入園料：50元\r　11月～3月：　8:00～16:30　入園料：50元\r (磬錘峰森林公園入場料、普楽寺入場料と安遠廟入場料を含め）\r※ 六十歳以上，50パーセント割引。七十歳以上，無料。パスポートの提出が必要。','河北省承徳市','・承徳避暑山荘\r　0314-2029771 \r・小ポタラ宮\r　0314-2029771 \r・普寧寺\r　0314-2058209 \r・磬錘峰景区\r  0314-2029771 \r交通アクセス:\r ・承徳避暑山荘\r　バス6、7、10、26、118番線に乗ってバス停避暑山荘で下車       \r・小ポタラ宮\r　バス118番線に乗ってバス停普陀宗乗之廟で下車\r・普寧寺\r　バス15番線に乗ってバス停大佛寺で下車\r・磬錘峰景区\r  バス10番線で索道公司駅で下車','※承徳は北京から北東へ250キロ、燕山山脈中の盆地にある。\r北京から承徳行くには下記の交通手段を選ぶことができる：\r・自家用車、3時間程度\r・長距離バス：5時間程度、料金85元程度、朝出発の場合、お昼ごろには、承徳につく\r・列車の場合は、下記の列車がお勧め、K7711/7712　朝8時半の出発で、お昼12時半着く、料金は50元程度。',1,4,'https://s3-ap-northeast-1.amazonaws.com/travle/%E6%89%BF%E5%BE%B7/%E5%B0%8F%E5%B8%83%E8%BE%BE%E6%8B%89.jpg','https://s3-ap-northeast-1.amazonaws.com/travle/%E6%89%BF%E5%BE%B7/%E5%B0%8F%E5%B8%83%E8%BE%BE%E6%8B%89.jpg',1,NULL,1,1,0),
	(17,'外灘','通称「バンド」と呼ばれる。市内を流れる黄浦江に沿った旧行動租界だった一帯。レンガ造りの洋風建築が立ち並び、異国的雰囲気を醸し出している。現在はブティックやレストランが入るおしゃれなビルも多い。黄浦江の遊覧船も発着し、特にライトアップが見られる夜のクルーズはお勧め。また、黄浦江の両岸を結ぶ「外灘観光隧道」は無人のマシーンの乗車光のトンネルへ、約5分間の光の旅を体感出来る。',' ☆開園時間＆料金 ：\r　 散策自由','上海市中山東一路','TEL：021-63231268 \r交通アクセス：\r・ 鉄道の上海(シャンハイ)駅から5KM、タクシーで 20分程度。\r・地下鉄 浦西側は2号線で南京東路駅で下車、徒歩1分。','①24時間観光可。19：00～22：00はライトアップあり（季節により変更）。\r②所要観光時間：45分',2,NULL,'https://s3-ap-northeast-1.amazonaws.com/travle/%E5%A4%96%E6%BB%A9/%E5%A4%96%E6%BB%A9+(11).jpg','https://s3-ap-northeast-1.amazonaws.com/travle/%E5%A4%96%E6%BB%A9/%E5%A4%96%E6%BB%A9+(11).jpg',1,NULL,1,0,0),
	(18,'朱家角鎮','朱家角古鎮の歴史は古く、「江南の明珠」、「東方のベニス」とも呼ばれている。朱家角には36ヶ所の古い橋があり、古めかしく質朴かつ優雅である。9つの通りは水のそばに造られ、住宅は水に沿って建てられている。すべて明朝と清朝の時代の建物で趣がある。特に川にかかっている明朝時代の建築物――石に５つの穴を開けて作られたアーチ型の放生橋は明朝万歴時代に造られ、形は美しく壮観である。この橋は上海で最も古いアーチ型の石橋で、朱家角十景のひとつである。 \r　川を隔てた二つの小さな街にはたくさんの面白い物があり、田子坊と同様に非常に特色がある。朱家角は恵まれた自然環境と便利な水路の交通網があったため、かつて商人たちはここに集い、往来が絶えなかった。江南地方ではかつて織物業が盛んで「衣服と布団ここにあり」と称され、有名になった。明朝の末期、清朝の初期に朱家角の米穀業は特に発展し、それにともないすべての商売が盛んになった。その時代には「3里の町に1000軒の店」といわれるくらい町には多くの店があり様々な土地の物が揃っていて、その郷脚（農村の定期市）は江蘇・浙江２省(約百里)の外まで広がっていた。 \r　現在では朱家角は上海の一部として、美しい水辺、古い橋、めずらしい街並み、すばらしい庭園、芳醇な香りの酒や花といい気分に浸ることができる場所になっている。ここに住む人たちは静かで趣がある生活を過ごし、観光客は町をのんびりと散策して古鎮の魅力を感じる。',' ☆開園時間＆料金 ：\r　 散策自由 ','上海市青浦区','交通アクセス：\r・上海市内から朱家角古鎮へのアクセス：人民広場駅から朱沪専用線に乗り、約１時間。運賃は75元ほど。普通と急行がある。朱家角バス停からは大通りに沿って歩くと朱家角古鎮につく。','平均観光時間1～2時間',2,NULL,'https://s3-ap-northeast-1.amazonaws.com/travle/%E6%9C%B1%E5%AE%B6%E8%A7%92/%E6%9C%B1%E5%AE%B6%E8%A7%92+(8).jpg','https://s3-ap-northeast-1.amazonaws.com/travle/%E6%9C%B1%E5%AE%B6%E8%A7%92/%E6%9C%B1%E5%AE%B6%E8%A7%92+(8).jpg',1,NULL,1,0,0),
	(19,'上海環球金融中心','世界で一番高い場所にある展望台\r地上101階建て、高さ492メートル。世界最高地点に位置する展望台。\r97階には空中に浮くような展望ブリッジを、94階には素晴らしいパノラマを背景に様々なイベントが楽しめる コミュニケーションスペースを設けている。','☆開放時間＆料金\r・開放時間\r　8時～23時（最終入場22時）\r・参観料：\r　94階＋97階＋100階展望台　180元\r　94階　120元','浦東新区世紀大道100号　環球金融中心94～100階','TEL：021-68777878\r交通アクセス：\r・地下鉄2号線陸家嘴駅から徒歩5分\r・地下鉄2号線東昌路駅から徒歩5分','平均観光時間1～2時間',2,NULL,'https://s3-ap-northeast-1.amazonaws.com/travle/%E7%8E%AF%E7%90%83%E9%87%91%E8%9E%8D%E4%B8%AD%E5%BF%83/%E7%8E%AF%E7%90%83%E9%87%91%E8%9E%8D%E4%B8%AD%E5%BF%83+(6).jpg','https://s3-ap-northeast-1.amazonaws.com/travle/%E7%8E%AF%E7%90%83%E9%87%91%E8%9E%8D%E4%B8%AD%E5%BF%83/%E7%8E%AF%E7%90%83%E9%87%91%E8%9E%8D%E4%B8%AD%E5%BF%83+(6).jpg',1,NULL,1,0,0),
	(20,'豫園',' 上海観光の定番中の定番。明代に造られた、400年以上の歴史を持つ古典庭園。園内の庁堂楼閣、築山と流泉は、いずれも明・清時代の中国南部の庭園建築芸術を代表するもの。 上海随一の観光スポットとしても有名で、約2万㎡もの面積の中に40ヵ所余りの見どころを持ち、生き生きとした龍壁、曲がりくねった回廊およびさまざまな形をした花窓によって巧みに隔てられている。建物、緑、池の水面、美しい名石とが見事に調和し、中国の古典的な美の世界が堪能できる。','☆開放時間＆料金\r・開放時間\r　9時～17時（1６時30分最終入場）\r・入園料：\r　4月～6月、9月～11月：40元\r　7月～8月、12月～3月：30元\r※①身長140cm以下の子供は10元\r②70歳以上の年寄は10元/人となる（パスポート持参要） ','上海市黄浦区安仁街137号','TEL：021-63260830\r交通アクセス：\r・都市観光バス1番線を利用、城隍庙豫園バス停で下車\r・バス11番線、26番線、64番線、71番線、145番線、581番線、715番線、730番線、736番線、801番線、926番線、929番線、932番線、969番線、980番線、方川線を利用、豫園駅、または新北門、城隍庙バス停で下車\r・地下鉄10号線を利用、豫園駅で下車','周辺観光地：豫園商場。中国らしい雰囲気が溢れ、ありとあらゆる買い物ができると言っても過言ではない。上海風味レストランやお茶、シルク小物、漢方薬、中国楽器、本などのお土産物屋が所狭しと並んでいる。春節にはランタン祭りが行われ更に賑やかになる。',2,NULL,'https://s3-ap-northeast-1.amazonaws.com/travle/%E4%B8%8A%E6%B5%B7%E8%B1%AB%E5%9B%AD/%E4%B8%8A%E6%B5%B7%E8%B1%AB%E5%9B%AD+(8).jpg','https://s3-ap-northeast-1.amazonaws.com/travle/%E4%B8%8A%E6%B5%B7%E8%B1%AB%E5%9B%AD/%E4%B8%8A%E6%B5%B7%E8%B1%AB%E5%9B%AD+(8).jpg',1,NULL,1,0,0),
	(21,'上海野生動物園','公園内の動物の種類は多くて、園内ではアシカ、象、山羊、ライオン、虎などのショーがある。それだけでなく、観光バスに乗って、野獣区を遊覧することができ、ガラス越しに現れた動物と「近い距離」で触れられる。 \r　上海野生動物園は上海浦東新区三灶鎮の境界内に位置し、敷地面積は153ヘクタールに達し、上海市の中心から約35キロ離れている。 \r　園内には世界各地で代表的な珍しい動物が200余種飼育されている。その中には国外からのキリン、シマウマ、カモシカ、サイなどがおり、また我が国の一級保護動物でもある：パンダ、キンシコウ、華南虎、アジア象などがいる。 \r　観光客が遊園する時、園内は「車入区」、「歩入区」とに分かれている。上海野生動物園の車入区ではキリン、象、我が国の三大国宝の1つの金髪ターキン、チーターなどを見ることができる。歩入区では白獅、白虎、白カンガルー、パンダ、ヨウスコウワニなど世界でも稀な動物を見ることができる。 \r　園内は草食動物養殖区、肉食動物養殖区、フラミンゴ区、散養動物区、水禽湖、稀少動物飼育区、百鳥園、蝶蝶園及び児童ペット園に分かれている。また、動物の出演するショーなどたくさんの特色あるプログラムを設けている。入口のところで案内図を受け取り、案内図にショースケジュールがあるので、時計回りの方向に廻ると、大抵各種のショーを見ることができる。','☆開放時間＆料金\r・開放時間：\r　3月～11月：8:00-17:000（入園は16：00まで）\r　12月～次年2月：8:30—16:30（入園は15：30まで）\r・入園料：\r　成人：130元、児童：65元\r※①身長130cm以下または6歳以下の子供は無料\r②70歳以上の年寄は半額、65元となる（パスポート持参要） ','上海浦東新区三灶鎮南六公路178号','TEL：021-61181235 \r交通アクセス： \r直行できるバスは以下のとおり：\r・上海体育場で2線（6：30-19：15、15分毎に発車） \r・上海駅（竜門ホテル）で远通バス（5：30-19：50） \r・上海体育館の公共交通の中枢駅で万野専用線（6：30-18：30、15分毎に発車） \r・人民広場で原野専用線（成都北路の大沽交差点7：30-10：30、30分毎に発車）','平均観光時間1～2時間',2,NULL,NULL,NULL,1,NULL,0,0,1),
	(22,'上海科学技術館','上海科学技術館は上海市浦東新区花木行政文化中心区世紀大道2000号に位置する科学教育の展覧館である。占地面積は6.8万平方メートル。建築面積は9.8万平方メートル。総投資額は15億人民元。\r　RTKL国際有限会社と上海建築設計院の共同で設計。2001年10月21日にAPECの第9回非公式首脳会合が行われたのち、2001年12月18日に正式に営業を開始。\r　地下鉄2号線上海科技館駅と直結し、周辺は世紀公園と一体化した都市公園となっている。',' ☆開放時間＆料金\r・開放時間：\r　火曜日～金曜日　9：00～17：15　\r　月曜日休館、ただし、月曜日は祝日の場合は開館\r・料金：\n   60元\r※①身長130cmの子供は半額、30元となる。\r②70歳以上の年寄は無料となる（パスポート持参要） ','上海浦東新区世紀大道2000号','TEL：021-68542000\r交通アクセス： \r・地下鉄2号線上海科技館駅で下車\r・バス640番線、794番線、815番線、984番線、638番線、983番線、184番線、975番線を利用、世紀大道丁香路駅で下車','平均観光時間1～2時間',2,NULL,'https://s3-ap-northeast-1.amazonaws.com/travle/%E4%B8%8A%E6%B5%B7%E7%A7%91%E6%8A%80%E9%A6%86/%E4%B8%8A%E6%B5%B7%E7%A7%91%E6%8A%80%E9%A6%86.jpg','https://s3-ap-northeast-1.amazonaws.com/travle/%E4%B8%8A%E6%B5%B7%E7%A7%91%E6%8A%80%E9%A6%86/%E4%B8%8A%E6%B5%B7%E7%A7%91%E6%8A%80%E9%A6%86.jpg',1,NULL,1,0,0),
	(23,'拙政園','明代の16世紀初頭、高官を失脚した王献臣により造られた「蘇州四大名園」のうち最大の庭園。水をテーマとし、5ヘクタールの敷地のうち池や堀が約7割を占める。園内は東園、中園、西園の3つに分かれている。また拙政園の名は、庭が賄賂で造られたとの噂から「拙き者が政治を為す」という詩句から皮肉ったもの。中国の古典『紅楼夢』の舞台にもなっている。','☆開放時間＆料金\r・開放時間\r　4/16～10/30：　7：30～17：30\r　10/31～4/15：　7：30～17：00\r　定休日：年中無休\r・料金：\r　4/16～10/30：　70元\r　10/31～4/15：　50元','蘇州市東北街178号','TEL：0512-67510286\r交通アクセス：\r・鉄道をご利用の場合、「蘇州」駅よりタクシーで約15分','所要観光時間：1時間',4,NULL,NULL,NULL,1,NULL,1,1,0),
	(24,'留園',' 留園は中国にある有名な古典園林であり、江南の歴史ある街蘇州に位置し、園内の建築は精巧を極め、奇石（太湖石）が多く名高い。1961年、留園は中華人民共和国国務院により最初の中華人民共和国全国重点文物保護単位の一つとして公表された。1997年、留園を含めた蘇州古典園林は世界文化遺産として登録された。\r　「蘇州四大名園」であるばかりか「中国四大名園」としても名高い、清代の建築造園様式を今に伝える傑作。創建は16世紀にさかのぼるが、清代18世紀に劉恕が改築後、劉園となり後に留園と改名された。園内は楼閣や回廊で4つの景区に分かれている。高さ6.5mの太湖石、廊壁を飾る透かし彫りの花窓が連なっているほか、名書家の墨跡『留園法帖』も見事。','☆開放時間＆料金\r・開放時間\r　4/16～10/30：　7：30～17：30\r　10/31～4/15：　7：30～17：00\r　定休日：年中無休\r※入場は閉門30分前まで\r・料金：\r　4/16～10/30：　40元\r　10/31～4/15：　30元','蘇州市留園路338号','TEL：0512-65579466\r交通アクセス：\r・鉄道をご利用の場合、「蘇州」駅よりタクシーで約15分','所要観光時間：1時間',4,NULL,NULL,NULL,1,NULL,1,1,0),
	(25,'滄浪亭','唐代末期956年、呉越広陵王の銭元僚により造園された蘇州最古の庭園。後の宋代に詩人の蘇舜欽が別荘として改築し、滄浪亭と呼ばれるようになった。自然に寄り添うようなシンプルな造りを特徴とし、園前に流れる運河もまた蘇州らしい風情を醸し出している。池や川、樹木が茂っていることから「都市の中の山林」という言葉もあり落ち着いた雰囲気がある。','☆開放時間＆料金\r・開放時間\r　3/1～11/15：　7：30～17：30\r　11/16～2/末：　7：30～17：00\r　定休日：年中無休\r※入場は閉門30分前まで\r・料金：\r　4/16～10/30：　20元\r　10/31～4/15：　15元','蘇州市滄浪亭街3号','TEL：0512-65296567\r交通アクセス：\r・鉄道をご利用の場合、「蘇州」駅よりタクシーで約10分','平均観光時間1～2時間',4,NULL,NULL,NULL,1,NULL,1,1,0),
	(26,'獅子林','城内の園林路にあり「蘇州四大名園」のひとつ。太湖産の奇石、太湖石で埋め尽くされた摩訶不思議な造形美で知られる。回廊には宋代の名家の書を中心とした石刻60枚余りがはめ込まれている。創建されたのは元代1342年、天如という僧侶による。太湖石が林立する築山にはまるで迷路のように通路が巡らされており、ちょっぴり冒険気分で散策を楽しめる。','☆開放時間＆料金\r・開放時間\r　4/1～10/31：　7：30～17：30\r　11/1～3/31：　7：30～17：00\r　定休日：年中無休\r※入場は閉門30分前まで\r\r・料金：\r　4/1～10/31：　30元\r　11/1～3/31：　20元','蘇州市園林路23号','TEL：0512-67272428\r交通アクセス：\r・鉄道をご利用の場合、「蘇州」駅よりタクシーで約5分','平均観光時間1～2時間',4,NULL,NULL,NULL,1,NULL,1,1,0),
	(27,'虎丘','越王との戦いに破れた呉王・闔閭が葬られた小高い丘。葬儀の3日後に墓に現れたという白い虎の伝説からこの名が付いた。現在の虎丘は泉や庭園をちりばめた市民の憩いの場。のんびり散策も楽しめる。丘の上にそびえ建つ961年建立の高さ47m、八角七層の雲巌寺塔は、地盤沈下により3.5度傾いた東洋の斜塔として名高い。','☆開放時間＆料金\r・開放時間\r　3/初～11/15：7：30～17：30\r　11/16～2/末：　7：30～17：00\r　定休日：年中無休\r・料金：\r　4/16～10/30：　60元\r　10/31～4/15：　40元','蘇州市虎丘山門内8号','TEL：0512-65323488\r\r交通アクセス：\r・鉄道をご利用の場合、「蘇州」駅よりタクシーで約20分','平均観光時間1～2時間',4,NULL,NULL,NULL,1,NULL,1,0,0),
	(28,'周荘','周荘は上海と蘇州の間に位置しており、蘇州から約38キロメートル、上海から約80キロメートルである。\r　古くは「貞富里」と称されていた。宋代の1086年、周迪功郎が仏教への篤心から自邸を寺院（全福寺）に約13ヘクタールの荘田を寄進、周迪功郎の名を冠とし周荘と荘田と称されるようになった。かつては周辺地域の水運や商業の要所として繁栄し、今でも6割以上が残る明清時代の建物や水路の風景が訪れる人々を魅了してやまない場所である。\r　中国有名な画家の呉冠中は周荘の美しさを「中国水郷の綺麗さを納める」と賛美した、海外の新聞は「周庄が中国第一の水郷である」とも賛美した。　周荘は約9百年の歴史を持っていて、豊富な文化の含みもあり、西晋の文学者の張翰、唐代の詩人の劉禹錫、陸亀蒙などの歴代名人がここに住んだことがある。周荘も元末明初の江南の巨富の沈万三の故郷である；周荘は典型的な江南水鎮なので、ここで撮影する各種の映画とドラマは40数冊がある。\r 　橋、川、小屋が水郷の特色で、周庄の河川は「井」の字形になっており、町の中から横切って、“咫尺の往来も全て船”，誰の家でも埠頭がある。','☆開放時間＆料金\r・開放時間\r　8：00～21:00\r・入場料\r　100元（古鎮内観光名勝の通し券）\r　夜間入場の場合：80元（夕方16：00以降の入園、「沈庁」「張庁」の入場券のみ含む）\r※\r①周荘も宿泊する場合は、チケット売り場の隣にある撮影場所にて写真撮影を行ってください。チケットの有効期限が3日に延ばされる。\r②身長120cm以下の児童の場合は無料、身長120cm～150cmの児童の場合は半額となる\r③60歳～69歳のお年寄の場合は半額となる、70歳以上のお年寄の場合は無料となる。\r（パスポートの持参要）','江蘇省昆山市周荘鎮','TEL ：  0512-57211699\r\r交通アクセス：\r　周荘には空港、鉄道の駅等がありません、周荘へのアクセスは上海、南京、蘇州、昆山からのバスを利用するのが一般的、長距離バスの終点は昆山周荘ターミナルで、そこから徒歩20分程度で、周荘古鎮に着く。\r・蘇州―周荘\r　蘇州北バスターミナルから周荘行きバスを利用、乗車時間はおよそ40分で、料金は15元程度\r・昆山―周荘\r　昆山バスターミナルから周荘行きバスを利用、乗車時間はおよそ30分で、料金は7元程度\r・上海―周荘\r　上海体育場の横にある「旅遊集散中心」から直通バスを利用、乗車時間は約1時間半で、料金は25元程度。\r※上海体育場の横にある「旅遊集散中心」の窓口で往復のバス代と9ヶ所の周遊券（施設入館料）がセットになったチケット（140元）が購入できるので、ツアーを利用しない場合はこちらが便利。この場合、7:30から約1時間おきに出発する直通の座席指定バスに乗車。','①毎晩19：30～20：30「四季周庄（荘）」という水上ショーがある、チケット代は150元/人、身長120cm以下が無料となる。\r②古鎮内を巡る周遊船は「昼遊」と「夜遊」に２つがあります。一隻の乗船人数は8人まで。 \r★昼遊\r時間／8:00～16:00 料金／80元（一隻） \rルート／富安橋→太平橋→青龍橋→博物館→福洪橋→通秀橋→貞豊橋（終点） \r★夜遊\r時間／16:00～21:00 料金／80元（一隻） \rルート／富安橋→双橋→廊棚→古戯台→全功橋→太平橋→青龍橋→博物館（終点）',4,NULL,NULL,NULL,1,NULL,1,0,0),
	(29,'太湖観光地',' 太湖はかつて、震澤、又の名を五湖と呼ばれた。中国で三番目に大きな淡水湖である。太湖の面積は2000平方km、大小48の島があり、周囲の峰は72を数える。湖面は山肌を映し、山水は幾重にも相照らし、光輝く、自然美を呈し、「天下一秀麗な太湖」と称される。太湖の湖岸線は405km、平均水深は1.89mであり、湖底の地形から見れば、湖盆が東から右へ傾け、小皿の形状となり、湖面は西に突き出た三日月のように見える。太湖周辺に網のように分布する江、川、渓流、用水路は太湖を周囲に点々と分布する小さな湖と繋ぎ、特色のある江南水郷を形成する。\r     太湖風景の最も美しい所は｢呉中｣地域にある。蘇州呉中太湖観光区は、楽園と称される蘇州西南部にある太湖の湖岸にある。観光景区の中に太湖公園、東山風景区、穹窿山風景区、旺山風景区がある。太湖の風景は翡翠のような水、青々とした山、湖面に浮ぶ島々、点々と散在する舟、この山水の景色と太湖に散見する人文的古跡と相呼応して、まるで一巻の絶景の江南山水画を描いたようだ。太湖は湖面が広がり、麗しい山水を持つ一方、朝が晴れなのに夕方が雨、四季の移り変わりもはっきりしていて、実に変化に富む自然風景でもある。山々に囲まれ島が浮かぶ太湖は艶やかさと雄大さがうまく融合され、人々を魅了する力がある。','☆開放時間＆料金\r・開放時間\r　7：00～17：30\r・料金\r　105元','蘇州市太湖国民休暇村環太湖大道（水車）','交通アクセス：\r・飛行機にて太湖観光リゾートへいらっしゃるお客様は、下記のバスを利用するのがお勧め：\r★上海浦東国際空港から蘇州行きリムジン\r　乗車場所：1号ターミナル、2号ターミナル\r　発車時刻：10:00-20:00\r★上海虹橋空港から蘇州行きリムジン\r　乗車場所：虹橋枢紐西交通中心\r　発車時刻：11:10-21:00\r・公共バス：\r★観光リゾートセンター方面\r　列車で蘇州にいらっしゃるお客様：69番バスを利用\r　蘇州市内のお客様：58番、63番バスを利用\r★西山景区方面\r　列車で蘇州にいらっしゃるお客様：69番バスを利用\r　蘇州市内のお客様：58番バスを利用\r★光福景区方面\r　列車で蘇州にいらっしゃるお客様：64番バスを利用\r　蘇州市内のお客様：63番、65番、43番バスを利用\r★東山景区方面\r　列車で蘇州にいらっしゃるお客様：502番バスを利用\r　蘇州市内のお客様：441番、43番、62番バスを利用','所要観光時間：2日',4,NULL,NULL,NULL,1,NULL,0,0,1),
	(30,'沙家浜観光地','近年、「革命観光」が中国でブームとなっている。沙家浜はむしろそのうち、観光と教育の両建てに成功する数少ない事例の中のひとつである。京劇「沙家浜」は中国では広く知られている。それゆえ、常熟市陽澄湖畔に位置する沙家浜の名声も、そのおかげで、遠くまで伝わっている。このところ、沙家浜は独自の革命的伝統と豊富な観光資源を活用し、観光産業を加速するための政策と措置を次々と発表した。観光客は京劇「沙家浜」のストーリに沿って当時の「春来茶館」でお茶を楽しみながら、あの頃の「阿慶嫂」と敵との機知を用いる会話を思い出し味わうことができるし、あるいは「芦葦迷路」に漕ぎだし、当時傷病員たちが追手から逃れる緊張するシーンをも自ら体験することができる。','☆開放時間＆料金\r・開放時間\r　8：00～16：30\r・入場料\r　6月～11月：100元\r　12月～5月：80元\r※\r①身長120cm以下または6歳以下の児童の場合は無料、身長120cm～150cmまたは年齢が6歳～18歳の児童の場合は半額となる\r②60歳～69歳のお年寄の場合は半額となる、70歳以上のお年寄の場合は無料となる。\r（パスポートの持参要）','江蘇省陽澄湖畔','交通アクセス：\r・上海からいらっしゃる場合：\r　土曜日、日曜日および祝日、下記のバスターミナルより直行バスが運行される、料金は直行バスの往復券プラス入場料で100元。発車時刻は下記のとおり：\r　「楊浦体育センター」では7：00、\r　「虹口サッカ場」では7：30、\r　「上海体育場」では8：00、\r　復路はすべて16：30発車。\r・そのほかの近隣都市からいらっしゃる場合も各バスターミナルより直行バスを利用することが可能\r・バスの場合：\r　常熟111番環線を利用、「沙家浜観光地」バス停で下車','所要観光時間：1日',4,NULL,NULL,NULL,1,NULL,0,0,1),
	(31,'尚湖観光地','中国語には「太公望の魚釣り」という諺がある。常熟の尚湖は、太公望（呂尚）があの頃、纣王の暴政を避けるために、尚湖に釣りの毎日の隠遁生活を始まったという言い伝えから名乗られたという。それで、従来尚湖は文人から憧れられ、60年代までも、自然の風景の保存がよくできていた。尚湖観光地には、10万平方キロのゴルフクラブがあり、ゴルフ好きな人が日々ここに集まってくる。ほかには、「釣魚渚」の北側には太公望の彫刻が立てられ、尚湖の中には千本の糸杉が植えられ、歴史的にも観光的にもすばらしい場所である。','☆開放時間＆料金\r・開放時間\r　8：00～16：10\r・入場料\r3月～5月、9月～11月：80元\r6月～8月、12月～2月：60元\r※\r①身長120cm以下の児童の場合は無料、身長120cm～150cmの児童の場合は半額となる\r②60歳～69歳のお年寄の場合は半額となる、70歳以上のお年寄の場合は無料となる。\r（パスポートの持参要）','江蘇省常熟市尚湖観光地','交通アクセス：\r・上海からいらっしゃる場合：\r　土曜日、日曜日および祝日、下記のバスターミナルより直行バスが運行される、料金は直行バスの往復券プラス入場料で100元。発車時刻は下記のとおり：\r　「楊浦体育センター」では7：00、\r　「虹口サッカ場」では7：30、\r　「上海体育場」では8：00、\r　復路はすべて16：30発車。\r・そのほかの近隣都市からいらっしゃる場合も各バスターミナルより直行バスを利用することが可能\r・バスの場合：\r　常熟116番線、常熟11７番線を利用、「尚湖」バス停で下車','所要観光時間：４－６時間',4,NULL,NULL,NULL,1,NULL,0,0,1),
	(32,'虞山森林公園','常熟の文化蓄積の層の厚さといえば、虞山公園が一番だといっても過言ではない。虞山は中国有名な観光地で、旧称烏目山である。太公望の次男虞仲が逝去なされた後、この山に埋葬されたので、虞山に名前を変えた。自然景観が数多くあり、人文景観も見物とされている。虞山にはなくなった有名人のお墓が大勢並んでいる。「画聖」王石谷や、孔子の弟子言子など、かつて歴史上輝いていた常熟の偉人は、ここで後代の人々に仰ぎみられ、その精神を代々伝わっていく。','☆開放時間＆料金\r・開放時間\r　7:30～16:30\r・入場料\r45元\r※\r①身長120cm以下の児童の場合は無料、身長120cm～140cmの児童の場合は半額となる\r②60歳～69歳のお年寄の場合は半額となる、70歳以上のお年寄の場合は無料となる。\r（パスポートの持参要）','江蘇省常熟市城西北','交通アクセス：\r・　常熟110番線、常熟112番線、常熟113番線、常熟11４番線を利用、「虞山公園」バス停で下車','所要観光時間：１時間',4,NULL,NULL,NULL,1,NULL,0,0,1),
	(33,'同里','同里は蘇州から南東に２５キロ。千年の歴史を持ち、多数の科挙合格者、文人を輩出した文化の薫り高い街でもある。古鎮に入る橋を渡れば、明清時代に迷い込んだかのようだ。\r 　街で水が占める面積は総面積の五分の一。五十近い橋が街の風景に風情を添えている。一番小さい橋は三尺足らずの「独木橋」、最も古い橋は｢思本橋」で７００年以上の歴史を持つ。\r　また｢太平」、「吉利」」、「長慶」と呼ばれる３つの橋は品字型にかけられ、同里の人は結婚の慶事、６６歳の過寿の時には吉祥の意味を込め、必ずこの橋を渡るという。\r 名所旧跡も多く、明清時代の主な建築としては退思園、耕楽堂、崇本堂などがある。特に世界文化遺産に登録されている退思園は、蘇州の古典庭園の傑作の一つ。清代光緒年間に任蘭生が官職を解かれ、故郷に戻った時に建造された。池を中心に回廊、楼閣、草堂などすべての建物があたかも水に浮かんでいるように設計されている。\r 歩き疲れたら、同里の一番南にある南園茶社で、地元のお年寄りが奏でる二胡を聞きながら、ゆっくりお茶を飲むのも一興。','☆開放時間＆料金\r・開放時間\r　7:30～21:00\r・夜間開放時間：\r　金曜日～日曜日：18:30～21:00　\r・入場料\r　100元（古鎮内観光名勝の通し券）\r　夜間入場の場合：50元（退思園の入場券のみ）\r※\r①チケットの有効期間は2日、チケット購入当日の午後15：00以降、サービスセンターで押し印をもらってください。\r②身長120cm以下または6歳以下の児童の場合は無料、6歳～18歳の児童の場合は半額となる\r③60歳～69歳のお年寄の場合は半額となる、70歳以上のお年寄の場合は無料となる。\r（パスポートの持参要）','江蘇省呉江市同里鎮','TEL：　0512-63331140\r\r交通アクセス：\r・路線バス\r　蘇州駅、南バスターミナルから同里行きを利用、乗車時間はおよそ30，40分程度','所要観光時間：１～２日',4,NULL,NULL,NULL,1,NULL,0,0,1),
	(34,'金石灘国家観光リゾート','金石灘国家観光リゾートは遼東半島――大連東北側の黄海沿岸に位置して、中国初のベスト観光都市――ロマンチックな都市大連の総合リゾートガーデンである。 \r　金石灘は1988年、国家級風景名勝区に指定された。1992年10月、国務院より、「国家観光リゾート地」として批准された。「2000年、全国初の国家AAAA級観光名所に指定された」。2002年、IS014001とISO9001認証を取得した。2004年、国家地質公園に選定された。２０１０年に国家AAAAA級観光名所に指定された。 \r　金石灘は大連市中心部から約５０キロメートルのところに位置し。陸地面積は６２平方キロメートルであり、海域面積は５８平方キロメートルである。三方海に囲まれており、冬暖かく、夏涼しい快適な気候であり、３０キロメートル余長く続く海岸線は３－９億年間の地質奇観を集めている。６億年前に生まれたエディアカラ岩石は壮麗な奇石景観になり、「岩石の動物世界」、「自然地質博物館」と高評価される。観光名所としては、金石灘浜海国家地質公園、発見王国テーマパーク 、金石蝋人形館、 金石灘文化博覧広場 、金石ゴルフ場、狩猟場、黄金海岸などで有名になっている。','☆開放時間＆料金：\r・開放時間：\r　4月25日～10月26日: 　8:30～17:00\r　10月27日～4月24日: 　8:30～16:30\r\r・料金：\r・通し券①：90元/人\r　（金石蝋人形館、金石灘地質博物館、毛沢東バッジギャラリー、金石縁公園 、玫瑰園、狩猟場、大連徐悲鴻芸術館を含む）\r・通し券②：160元/人\r　（金石蝋人形館や蝋人形芸術展示センター、生命奥秘博物馆、石文化博物館、毛沢東バッジギャラリーを含む）\r・通し券③：100元/人\r（石文化博物館、金石縁公園、玫瑰園、恐竜園、南秀園、大亀ビーチを含む）\r\r※各観光ポイントの切符も発売されている\r金石蝋人形館：30元、金石灘地質博物館：10元、毛沢東バッジギャラリー：10元、金石縁公園：10元、玫瑰園：10元、狩猟場：10元、大連徐悲鴻芸術館：30元。','大連市金州区丹楓路金石灘国家観光リゾート','TEL: 0411-87900065\r交通アクセス：\r・大連空港からの場合：\r①バス710番線香炉礁駅で軽軌3号線に乗り換え、金石灘で下車\r②タクシーを利用、乗車時間は20分で、料金は25元程度\r・大連駅からの場合：\r①毎日6：00～18：00、20分間隔で直行バスが運行されている、料金は10元\r②軽軌3号線を利用、乗車時間52分程度、料金は8元\r\r※・軽軌(軽軌)\r　大連駅北口から開発区を通り、金石灘までの48.58kmを52分で結ぶ「3号線」が開通している。運賃は行き先により1～8元で変動する。大連駅からは8元。\r　大連快軌站(大連駅北口の専用駅) - 香炉礁 - 金家街 - 泉水 - 後塩 - 大連湾 - 金馬路 - 開発区 - 保税区 - 双D港 - 小窯湾 - 金石灘','平均観光時間1～2時間',3,NULL,'https://s3-ap-northeast-1.amazonaws.com/travle/%E9%87%91%E7%9F%B3%E6%BB%A9%E6%99%AF%E5%8C%BA/%E5%A4%A7%E8%BF%9E%E9%87%91%E7%9F%B3%E6%BB%A9+(2).jpg','https://s3-ap-northeast-1.amazonaws.com/travle/%E9%87%91%E7%9F%B3%E6%BB%A9%E6%99%AF%E5%8C%BA/%E5%A4%A7%E8%BF%9E%E9%87%91%E7%9F%B3%E6%BB%A9+(2).jpg',1,NULL,0,0,1),
	(35,'東方明珠電視塔','東方明珠テレビタワー、オリエンタルパールタワーとも呼ばれている。上海市の黄浦江のほとり、浦東新区陸家嘴金融貿易区に位置し、１９９１年７月３０日から着工し、１９９４年１０月１日に完成した。高さは４６８メートルで、上海市のシンボルの一つになっている。 \r　オリエンタルパールタワーについて、最も特別なのは、１１個の大きさの異なっているボールを形よく直列に繋いでいることである。主な二つのボール、いわゆる上球体と下球体の直径はそれぞれ５０メートルと４５メートルで、三本の柱によって繋がれている。また、最高のボールの直径は１４メートルである。建築全体はすべて太い三本の柱はに支えられている。 \r　オリエンタルパールタワーは合わせて１５階の観光フロアがある。最高の観光フロアー宇宙カプセルという展望台は３５０メートルの高さに位置し、それから２５０メートルのメーン展望台と２５９メートル、９０メートルの室外の展望台が設けられいている。タワーの頂点では、電波の波及の役割として、長さ１１８メートルのアンテナが設置されている。世界によく知られている回転レストランは２６７メートルにあり、また２０個部屋を持っている宇宙ホテルという場所は二つの球体間に位置している。オリエンタルパールタワーは展覧、食事、ショッピングを一体とする観光スポットである。\r　２００９年５月１日、２５９メートルに位置している高空観光回廊は正式に一般の市民に向けてオープンした。高空回廊は二番目のボールに位置し、周長は２５０メートルで、広さ２．１メートルである。観光客は透明なグラスの下の黄浦江の美しい景色を満喫することもできる。','☆開放時間＆料金\r・開放時間：8:00 ～21：30\n切符売り場営業時間：21：00まで　　　　　　　　　　　　　　　　　　　　　　　　　　　　 \r・入場料\r◎観光+遊船　180元　上球体までの見学と、塔内にある上海城市歴史発展陳列館入場料、浦江遊覧船セット。\r◎A票　180元　全ての展望台見学と上海城市歴史発展陳列館のセット。\r◎B票　150元　上球体までの見学と上海城市歴史発展陳列館のセット。\r◎C票　120元　上球体の見学と上海城市歴史発展陳列館のセット。\r◎午餐　268元　B票に昼食をセットしたもの。\r◎晩餐　298元　B票に夕食をセットしたもの。\r※入場料の割引\r①70歳以上は4割引。（パスポート持参要）\r②身長1m40㎝以下の子供は半額、1m以下の子供は無料。','上海市浦東世紀大道 1 号','※ 外灘から外灘観光隧道を使って川を渡るのがもっとも便利\rTEL：021-58791888\r交通アクセス：\r・空港からのアクセス：\r　上海虹橋空港からの場合、距離は23KM、タクシーで35分程度\r　上海浦東国際空港からの場合、距離は43KM、タクシーで50分程度\r・地下鉄2号線で陸家嘴駅で下車\r・バス81番線、82番線、85番線、774番線、789番線、795番線、870番線、971番線、983番線、985番線、993番線、陸家嘴金融城1番線、 陸家嘴旅遊環線を利用する\r※外灘から外灘観光トンネルを使って川を渡るのがもっとも便利\r','①周辺観光情報：\r　ショッピング：IFC、正大広場\r 　ホテル：香格里拉酒店、丽思卡尔顿酒店、新天哈瓦那酒店、上海国际会议中心 \r②所要観光時間：２～３時間',2,1,'https://s3-ap-northeast-1.amazonaws.com/travle/%E4%B8%9C%E6%96%B9%E6%98%8E%E7%8F%A0/%E4%B8%9C%E6%96%B9%E6%98%8E%E7%8F%A0+(5).jpg','https://s3-ap-northeast-1.amazonaws.com/travle/%E4%B8%9C%E6%96%B9%E6%98%8E%E7%8F%A0/%E4%B8%9C%E6%96%B9%E6%98%8E%E7%8F%A0+(5).jpg',1,NULL,1,0,0),
	(36,'老虎灘','4kmの海岸線と断崖絶壁の岩場により形成された大連市を代表する景勝地で、老虎灘広場には中国を代表する彫刻家であり、北京オリンピックのマスコット・福娃のデザイナーとしても知られる韓美林の手による35mの巨大な6頭のトラのモニュメント「群虎彫塑（群虎彫像）」が控える。岬の突端には「老虎灘」と刻まれた石碑が建てられ、その下には老虎洞という洞穴がある。隣接する大連老虎灘海洋公園には、鳥語林（野鳥園）、白熊などの動物をはじめ、イルカ・アシカのショーを見学できる大連極地館、珊瑚館などがあり、2005年5月8日には、国家旅遊局から最高級である国家5A級景区に指定された。','☆公園の開放時間＆料金\r・開放時間：8:00～17:00\r・入園料：\r　4月～10月：　210元\r　11月～3月：　190元\r※切符はすべて通し券である、鳥語林（野鳥園）、大連極地館、珊瑚館などの施設の入園料を含む。しかし、利用できるのは一回だけであるため、少し離れた鳥語林（野鳥園）は一番最初または最後に訪れたほうがよい\r※割引券：\r①身長130cm以下の児童は入園料を免除\r②身長130cm以上、年齢が18歳以下の場合、入園料は170元となる。（パスポートを持参する必要がある）\r③65歳以上のお年よりは入園料が半額となる。（パスポートを持参する必要がある）','大連市中山区浜海中路9号','交通アクセス：\r・バス30、404番線で老虎灘バス停で下車\r・バス２番線で工人療養院バス停で下車\r・バス２、４、403、404番線で解放路バス停で下車\r・空港からタクシーを利用する場合は、およそ30分で、料金は35元程度','①平均観光時間は3～7時間\r②近くにある観光地：',3,7,'https://s3-ap-northeast-1.amazonaws.com/travle/%E8%80%81%E8%99%8E%E6%BB%A9%E6%B5%B7%E6%B4%8B%E5%85%AC%E5%9B%AD/%E5%A4%A7%E8%BF%9E%E8%80%81%E8%99%8E%E6%BB%A9%E6%B5%B7%E6%B4%8B%E5%85%AC%E5%9B%AD+(4).jpg','https://s3-ap-northeast-1.amazonaws.com/travle/%E8%80%81%E8%99%8E%E6%BB%A9%E6%B5%B7%E6%B4%8B%E5%85%AC%E5%9B%AD/%E5%A4%A7%E8%BF%9E%E8%80%81%E8%99%8E%E6%BB%A9%E6%B5%B7%E6%B4%8B%E5%85%AC%E5%9B%AD+(4).jpg',1,NULL,0,0,1),
	(37,'明孝陵','明孝陵（みんこうりょう）は中国の南京の東にある紫金山の南麓に位置する明の太祖洪武帝朱元璋と后妃の陵墓。この陵墓は蒋山寺と呼ばれていた霊谷寺を移転し、その地に造営された。造営には25年の歳月が費やされた。1961年に中華人民共和国国務院により「全国重点文物保護単位」に指定。2003年に世界遺産「明・清王朝の皇帝墓群」（2000年登録）に追加する形で登録された。方城の北にある宝頂（宝城）の地下に朱元璋と馬皇后が眠る地下宮殿「玄宮」がある。しかし、地下宮殿は未発掘のために多くの謎が残されている。\r　周辺には神道、梅花山、紅楼芸文苑、海底世界、定林山庄、紫霞湖があり明孝陵を中心とした観光区を「明孝陵景区」としている。世界遺産に登録されているが、外国人観光客は少なめである。しかし、見学者は多く、中国各地から団体で観光客が訪れる。朱元璋が葬られている宝頂には登ることができる。2月は近くの梅花山の梅が見ごろで観光イベントが行われている。梅花山には三国志の呉の孫権の墓もある。明孝陵周辺には中山陵や霊谷寺といった観光地があり南京の主要観光地となっている。','☆開放時間＆料金\r・開放時間\r　6:30～18：00\r　定休日：年中無休\r・料金：\r　70元\r※①身長130cm以下の児童の場合は無料\r②60歳～69歳のお年寄の場合は半額となる、70歳以上のお年寄の場合は無料となる。\r（パスポートの持参要）','南京市玄武区紫金山南独龍阜玩珠峰下','TEL：025-84446111 \r交通アクセス：\r・地下鉄の場合：地下鉄2号線「首宿園大街」駅1号出口からタクシーで約7分。\r・バスの場合：南京駅近くのバス停「南京車站」で游3番線に乗車し、バス停「明孝陵」にて下車。\r※明孝陵から周辺観光地の中山陵、霊谷寺へは観光ミニバスが運行されている。','①所要観光時間：２～3時間\r②見ごろは周辺にある梅花山の梅がほころぶ2〜3月。自然に囲まれた美しい景観を眺めながら歴史探訪を楽しむことができる。',6,1,NULL,NULL,1,NULL,0,1,0),
	(38,'中山陵','中山陵（ちゅうざんりょう）は中華人民共和国江蘇省南京市東部の紫金山に位置する孫中山（孫文）の陵墓。1926年から1929年にかけて建設された。\r　牌坊、墓道、陵門、碑亭、祭堂と墓室、これらは縦に一直線上に並んでいる。全て花崗岩とコンクリート等を使い建築された。墓道の階段は392段（当時の中国の人口3億9千200万人にちなむとされる）、高低差は73メートルある。ここを登りきると祭堂があり、祭堂の奥に墓室がある。そのほか「中山陵」周辺には「孫中山紀念館」「音楽台」「中山書院」などがあり「中山陵」を中心とした観光区を「中山陵景区」としている。中山陵の西隣には世界遺産である明孝陵がある。\r　孫文は、中国革命の指導者である。号は中山、広東省出身である。清朝打倒のため、1894年興中会を組織した。1905年、東京で中国革命同盟会を結成して、民族の独立（民族主義）、民主制の実現（民権主義）、地権平均・資本節制による経済的不平等の是正（民生主義）の三民主義を主唱した。\r　1911年には、辛亥革命により、清朝が倒れ、南京で中華民国臨時政府が樹立した。孫中山は臨時大統領に就任した。1925年、「革命未だ成らず」の言葉を残し逝去された。波瀾万丈の生涯であった。','☆開放時間＆料金\r・開放時間\n    8:30～17：00\r　定休日：月曜日\r※南京市で無料開放されている公園はすべて月曜日が定休日\r・料金：\r　無料\r※中山陵は自体は無料開放されているが、通し券が販売されている（中山陵、明孝陵、霊谷寺の入場券を含む）、料金は90元','南京市中山門外石象路7号','TEL：025-84431991\n交通アクセス：\r・バスの場合：遊1、遊2、遊3、9、34番線\r・地下鉄の場合：地下鉄2号線「下馬坊」駅1号出口からタクシーで約8分 \r※観光地では、観光ミニバスが運行されている\r①博愛線（料金：5元）　停車駅：中山陵駐車場⇒中山陵\r②明中線（料金：2元）　停車駅：中山陵-海底世界-美龄宫-四方城（梅花谷東門） -明孝陵駐車場\r③灵中線(料金:5元）停車駅：中山陵-中山陵音楽台- 水榭 -霊谷寺公園','①所要観光時間：２～3時間\r②お勧め周辺観光地：中山陵音楽台、明孝陵、梅花山、霊谷寺',6,1,NULL,NULL,1,NULL,1,0,0),
	(39,'夫子廟','夫子廟は、南京市内の秦淮河北岸の貢院街に位置し、孔子を祭っている場所であるが一般的には李香君故居、江南貢院、王導謝安紀念館など秦淮河周辺から建康路周辺の地域が夫子廟と呼ばれている。上海でいえば豫園商城のような土産物店が並ぶ下街繁華街で、川沿いをぶらぶら歩きながら食べ歩いたり買い物を楽しんだりすることができる。特に夜は食事やお酒を楽しむ地元の人であふれ、家屋や川沿いがライトアップされてにぎやかな雰囲気に。南京を訪れたなら必ず立ち寄りたい鉄板スポットの一つ。','☆開放時間＆料金\r・開放時間\r　9:00-22:00（店舗によって異なります）\r　定休日：年中無休\r\r・料金：\r　無料','南京市秦淮区夫子廟景区内','TEL：025-86628639\r　　　　　　　\r交通アクセス：\r・バスの場合：\r①南京駅近くのバス停南京車站でバス1番線に乗車し終点夫子廟にて下車後、徒歩5分。\r②南京駅近くのバス停南京車站でバス33番線に乗車し、バス停「三山街」にて下車後、徒歩10分。\r・地下鉄の場合：\r南京地下鉄1号線で三山街駅にて下車、徒歩10分。','①夜がライトアップされるため、夜の観光をお勧めする。観光船に乗船し、ライトアップされた秦淮河を見ながら、南京の美食を堪能するのは最高。',6,1,NULL,NULL,1,NULL,1,0,0),
	(40,'西湖','西湖（せいこ）は、中国浙江省杭州市の西部にあり、風景の美しい湖と山、豊富な名所旧跡と文化芸術が一体になった国家級の風景名勝区として国内外に名を馳せている。「天下第一湖」と呼ばれ、「この世の天国」とも称される。2011年6月24日の第35回世界遺産委員会で世界文化遺産として登録された。中国の世界遺産登録リストの中で唯一の湖沼文化遺産で、これは現在の世界文化遺産の中でも数少ない数か所の内の1つである。 \r西　湖は昔、武林水、銭唐湖、西子湖などと呼ばれた。宋代になって始めて西湖と呼ばれるようになった。西湖は三方が山に囲まれ、湖の面積が約6.5平方キロ。南北長さはおよそ3.2㎞あり、西東は約2.8㎞幅がある。山紫水明が西湖の基調であり、山水と文化の融合こそ西湖の名勝を格調高くしている。 \r西湖の観光スポット：\r★「一湖二塔三島三堤」\r　21世紀の始め、内外の旅行客を夢のとりこにさせる「一湖二塔三島三堤」という300年前の西湖の全景図が人々の前に現れてきた。その中、一湖は西湖、二塔は保塔と雷峰塔、三島は三潭印月、湖心亭と阮公墩、三堤は蘇堤、白堤と楊公堤。 \r★西湖十景：\r　西湖にまつわる伝承は多い。京劇白蛇伝の白素貞が入水したといわれる白堤、蘇軾の造営によるという蘇堤など、西湖十景と呼ばれる観光資源が豊富。西湖十景は南宋の時代に形成し、主に西湖の湖畔に分布されているが、あるものは湖上に存在する。 \r　蘇堤春暁、曲院風荷、平湖秋月、断橋残雪、柳浪聞鶯 \r　花港観魚、雷峰夕照、双峰挿雲、南屏晩鐘、三潭印月 \r　西湖十景はそれぞれが特長ある景勝地で、それらがともに融合し、また昔からの西湖の景勝地の真価を代表しているので、その結果杭州の現地人又はよそからの観光客を問わず、興味津々として旅を楽しめるのである。','☆開放時間＆料金\r・開放時間\r　24時間、年中無休\r\r・料金\r　無料','杭州市西湖','交通アクセス：\r・杭州駅前からそのまま西に延びる西湖大道をまっすぐ進むと湖に出る。徒歩約20分。','①西湖新十景\r2007年10月20日に中国杭州西湖博覧会の開幕式で発表した「西湖新十景」は以下のようである。 \r霊隠禅踪、六和聞涛、岳墓栖霞、湖濱晴雨、銭祠表忠、万松書縁、楊堤景行、三台雲水、梅塢春早、北街夢尋 \r②西湖十景をまわる方法は4種類。徒歩、レンタサイクル、遊覧船、電動カート。',7,1,NULL,NULL,1,NULL,1,1,0),
	(41,'西渓湿地公園','西渓湿地公園は、中国浙江省杭州市にある湿地を中心とした公園で、2012年1月9日から国家5A級の観光地にレベルアップし、現在は国家公園になっている。杭州市の観光地・西湖から西へ5kmくらいのところにある。面積は11.5平方キロメートルで、うち3.46平方キロメートルが観光客に開放されている。\r  園内には6つの川が流れており、中国湿地博物館、湿地研究センター、科学知識普及センター、鳥類観測エリア、湿地植物園、環境・気象観測ステーション、野生動物保護センターなどが設置されている。映画「狙った恋の落とし方」のロケ地として、ボート遊覧、釣り等の漁民の旅や、春にハイキング、夏に菱の実摘み、秋に芦の鑑賞、冬に梅の花見等、西渓の自然、生態及び純朴な文化を体験していただける。','☆開放時間＆料金\r・開放時間\r 4月1日～10月31日：\r　8:30～17:30\r　※当日入園券および電動ボート乗車券の販売終了時間、最終入園時間は16:30\r　11月1日～3月31日：\r　8:30～17:00\r※当日入園券および電動ボート乗車券の販売終了時間、最終入園時間は16:00\r\r・料金\r　入場料：80元、電動ボート：60元、電気自動車：5元/回、船：100元/時間（所要時間は1時間程度）\r　\r※①公園西区は新規開放された場所で、入場料は無料となっており、観光客は自由に出入りできる。\r②身長120cm以下の児童の場合は無料、120cm～150cmの児童は半額となる。\r③60歳～69歳のお年寄の場合は半額となる、70歳以上のお年寄の場合は無料となる。\r（パスポートの持参要）','浙江省杭州市天目山路518号西溪国家湿地公園','TEL：0571-88106688\r\r交通アクセス：\r・バスの場合：\r　西湖（北線）からは118番線を利用、直通。\r　西湖（南線）からは102番線を利用、バス停「豊潭路南口」で83番線に乗り換える。\r　西湖（西線）からは194番線を利用、バス停「浙江大学付属中学校」で118番線に乗り換える。\r　杭州駅南駅からは300番線に乗車し、バス停「城駅火車駅」で290番線に乗り換える。\r　杭州駅東駅からは47番線に乗車し、バス停「新塘路厳家弄口」で86番線に乗り換える。\r　杭州市内からは830、K506、K310、306、346、Y13番線バスを利用、バス停周家村（西溪湿地）で下車\r※公園内部でもバス等が運行されている、利用する場合は必ず各路線の運行状況をご確認ください。','①入園口はたくさんあるため、確実に地図を確認してください。\r　东入口：西溪天堂\r　北入口：文二西路\r　天目山路入口：高庄入口、周家村入口\r　五常大道入口：龍舌嘴入口、',7,1,NULL,NULL,1,NULL,0,0,1),
	(42,'千島湖','千島湖は浙江省淳安県に位置し、1959年に作られた中国初の独自設計、独自構築の大型水力発電所・新安江水力発電所により貯水され形成された人工湖だ。千島湖の水質は国家一級レベルを維持し、ここの水は直接飲むことができる。千島湖景観区は全面積が982平方キロメートルである。湖区の面積は573平方キロメートルで、杭州西湖より104倍大きい。湖区内は1078の島が分布しているので、千島湖の名前がついた。千島湖は世界に島が一番多い湖である。 千島湖は亜熱帯季節風気候区の北にあり、森林カバー率が高いから、温暖湿潤の気候になっている。一年の四季は歴然として、平均気温は17度、年平均降水量は1430mmである。中国初の国家レベルの観光地であり、中国最大の森林公園、国家レベルの生態保護モデル地区である。','☆開放時間＆料金\r・開放時間\r　3月1日～11月30日：8:00～17:00\r　12月1日～2月28日：8:40～16:30\r・料金\r　3月1日～11月30日：150元\r　12月1日～2月28日：120元\r※①身長120cm以下の児童の場合は無料、120cm～150cmの児童は入園料が優遇される、100元（入園料、船の乗船券を含む）。\r②60歳～69歳のお年寄の場合は入園料が優遇される、120元（入園料、船の乗船券を含む）。70歳以上のお年寄の場合は入園料が免除されるが、別途船の乗船券を購入する必要がある、45元。\r（パスポートの持参要）','浙江省淳安县','TEL：400-8811-988\r\r交通アクセス：\r・千島湖に行くには、杭州からのアクセスが便利で、杭州市内から長距離バスを利用することをお勧めする。\r①杭州長距離バス西センター：\r　6:00～18:50　30分間隔でバスが運行されている。所要時間:2時間、料金:43元\r※帰りは淳安長距離バスセンターのバスを利用してください。\r5:20～18:20　30分間隔でバスが運行されている。\r②杭州九堡長距離バスセンター：\r　発車時刻：7:50、9:10、11:10、13:50、15:10、16:10、17:10\r　所要時間：2時間半、料金65元\r※淳安長距離バスセンターでは、上海、杭州、黄山行きのバス多数運行されている。','①お勧め観光時間：1～2日。',7,1,NULL,NULL,1,NULL,0,0,1),
	(43,'霊隠寺','霊隠寺は東晋の時代の咸和３年(西暦紀元328年)に建てられ、今まで千六百余年の歴史があるため、杭州で一番古くて有名な寺院といわれている。霊隠寺は杭州の西湖の西にある。後ろには「北高峰」、真正面に「飛来峰」という山がある。名山や鬱蒼とした森林に囲まれ、まさに「深山古寺」の風景である。 \r　現在の霊隠寺の中には、「天王殿」「大雄宝殿」「薬師殿」「法堂」「華厳殿」が中央にあり、両側に「五百羅漢堂」「道済禅師殿」「連灯閣」「大慈楼」「方丈室」「東西蔵堂」と「東西碑」などの建物がある。「大雄宝殿」の中に、唐の時代の禅宗に基づいた釈迦牟尼の仏像がある。この仏像は２４の部分の木の彫刻で組み立てられたもので、高さは２４．８メートルある。仏像の表情が生き生きとしていて、中国国内でも非常に珍しいものである。また、境内にはたくさんの古い仏像、法器、経幢、石塔、御碑、書画などの歴史文物がある。これらの貴重な仏教の文化財を持つ霊隠寺は「中国重要文化保護文化財」として認定された。 \r　２１世紀に入った現在、仏教文化に恵まれた霊隠寺は、雄壮偉大な宝殿と美しくて趣がある自然風景の魅力で国内外の観光客を引きつけている。人々がここに来て仏教を学び、幸福を祈る。霊隠寺はただの寺院ではなく、仏教文化の有名な観光スポットとなっている。','☆開放時間＆料金\r・開放時間\r　7:30-17:30\r　定休日：年中無休\r\r・料金\r　入場料45元＋霊隠寺拝観料35元','杭州市霊隠路法雲弄1号','TEL：0571-87968665\r\r交通アクセス：\r・杭州駅からタクシーで約20分。',NULL,7,1,NULL,NULL,1,NULL,1,0,0),
	(44,'黄山','黄山は安徽省黄山市内にあり、中国十大名勝地の1つであり、1990年に世界文化と自然遺産に登録され、2004年に第1位で中国第1陣世界地質公園に選ばれた。これによって、世界中ではじめての、世界文化遺産と自然遺産、そして世界地質公園という三つの最高栄耀を集めた観光地となった。 \r　黄山は、中国の各名山の美しい風景が集結した場所とも称されている。とりわけ奇松、怪石、雲海、温泉という四絶で世に広く知られ、今は冬の雪景を第五絶に数える。他に、黄山の日の出も有名です。これらはすべてが自然の中で生じる奇跡であり、昔から「五岳より帰り来たれば、山を見ず、黄山より帰り来たれば、五岳も見ず」と謳われている。 \r\r黄山景勝地の観光スポット：\r　黄山景勝地は前山と後山に分けられる。前山は慈光閣から光明頂までで、温泉、玉屏楼、天海景区一帯のことを指す。迎客松、半山寺、天都峰、蓮花峰、一線天、鰲魚峰などが主な観光スポットである。後山は雲谷寺から光明頂までで、北海、西海景区一帯のことを指し、始信峰、獅子峰、排雲亭、西海大渓谷、飛来石、松谷庵が主な観光スポットである','☆開放時間＆料金:\r・開放時間\r　月曜日～金曜日、日曜日：6:30～16:30\r　土曜日：6:00～16:30\r\r・料金：\r　3月～11月:230元\r　12月～2月：150元\r※①身長120cm以下の児童の場合は無料、120cm～150cmの児童は半額となる。\r②60歳～69歳のお年寄の場合は半額となる、70歳以上のお年寄の場合は無料となる。\r（パスポートの持参要）','安徽省黄山市黄山区','TEL:　0559-5561111\r                                                                                                                                                                                          交通アクセス:  \r・黄山市まで鉄道をご利用の場合、黄山駅駅前より湯口行きのバスに乗車し、湯口で黄山行きのバスに乗り換え、公園入口に到達できる。\r・黄山市まで飛行機ご利用の場合、空港にて黄山市市内行きバス18、19番線を利用し、市内のバス乗り場「黄山市バス乗り場」で黄山行きのバスに乗り換える。\r・周辺地域（上海、南京、杭州、合肥等）からは湯口行きの長距離バスが運行されているので、それを利用し、湯口で黄山行きのバスに乗り換える。','①黄山観光はロープウェーを利用することが一般的で、ロープウェーの運行時間：\r12月～2月：8:00～16:00\r3月～11月：6:30～17:00\r\rロープウェーは三つあるので、どれを利用するかは事前に調べてください。\r・玉屏ロープウェー（前山）\r・雲谷ロープウェー（後山）\r・太平ロープウェー（北門）\r②黄山の頂上にも宿泊施設多数ある、ただし値段は高く、環境のいいホテルはいつも予約でいっぱいのため、頂上にて宿泊する予定のある方は、事前の予約をお勧めする。',8,1,NULL,NULL,1,NULL,0,1,1),
	(45,'宏村','宏村は中国安徽省南部黄山南西にある村で、水墨画のような美しさから中国中から人々が写生に訪れる「中国画里郷村」と呼ばれて愛されている。2000年に世界遺産に登録され、2001年に中国政府国務院により中華人民共和国全国重点文物保護単位に、2003年に中国歴史文化名村に指定されている。明清代の歴史建築が数多く残る村落で、家々をめぐる水路が完全な姿で残っており、「牛」の形に例えられる村の配置は徽州の村落の典型的な代表例である。\r　「宏村」は黟県の県城から北東10km に位置し、南宋の紹興元年（1131 年）に建造され始めた。古くは汪氏一族が暮らしていた土地で、明・清時代の旧建築物137 棟が現存している。高い所から見ると山の渓谷に寝そべる牛のような形。村落には旧民家の白壁や瓦が整然と並ぶ。中でも承志堂は2000㎡以上を占め、その広大で美しい姿は「民間故宮」と呼ばれている。堂内には様々な木彫りの彫刻があり、精巧で生き生きとした様子は、現在でも輝きを失っていない。また、敬修堂、東賢堂、三立堂、叙仁堂も風格があり、素朴ながらも厳かである。さらに、空高く聳える古木や、藤の老木、庭の牡丹などによって少しずつその絵のような情景にひきこまれる。またこの土地は一年を通して霧に覆われることが多く名実ともに「水墨画の世界」である。','☆開放時間＆料金:\r・開放時間\r　7:30～17:30\r\r・料金：\r　104元\r※①身長120cm以下の児童の場合は無料、120cm～140cmの児童は半額となる。\r②60歳～69歳のお年寄の場合は半額となる、70歳以上のお年寄の場合は無料となる。\r（パスポートの持参要）','安徽省黄山市黟県宏村鎮','TEL:　0559-5553333\r                                                                                                                                                                                          交通アクセス:  \r・黄山市内からは、黄山市汽車駅（バス集配センター）より観光バス1番線を利用、料金18元、乗車時間は1時間程度\r・湯口（黄山の麓）からの場合は、黟県行きのバスを利用、宏村で下車（発車時刻：AM7:20、PM１:40、料金13元）',NULL,8,1,NULL,NULL,1,NULL,1,1,0),
	(46,'西逓','「西遞」は黟県の県城から8kmのところにあり900年以上の歴史がある。桃源郷を思わせるのどかな景色から「桃花源里人家」といわれている。\r　古くは胡氏一族が暮らしていた土地で、凌雲閣、刺史牌楼、瑞玉庭、桃李園、東園、大夫第、敬愛堂、履福堂、青雲軒、膺福堂など明清の旧民家124棟、祠3棟があり「中国明清民家博物館」と呼ばれている。村全体が船形をしており、四方を山に囲まれ、2 本の渓流が村を貫いている。道は石畳で水路に面し、素朴ながら気品ある木造建築はレンガの堀で囲まれている。村の入口にある5階建て3棟の胡文光刺史牌坊は、明代の建物で、胡氏一族の輝かしい地位の象徴である。村の中央に位置する敬愛堂は村に現存する最大の祠で面積は1800㎡ある。\r　西逓は2000年11月30日、オーストラリアケアンズで行われた第24回ユネスコ世界遺産委員会により、「安徽南部の古村落」として、宏村と共に世界遺産に登録された。','☆開放時間＆料金:\r・開放時間\r　7:30～18:00\r\r・料金：\r　104元\r※①身長120cm以下の児童の場合は無料、18歳以下は半額となる。\r②60歳～69歳のお年寄の場合は半額となる、70歳以上のお年寄の場合は無料となる。\r（パスポートの持参要）','安徽省黄山市黟県西遞鎮西遞村','TEL:　0559-5154030\r                                                                                                                                                                                          交通アクセス:  \r・黄山から出発の場合は、黄山市汽車駅（バス集配センター）より黟県行きのバスに乗車（発車時間は30分間隔、料金12元、終バスは17:30）、黟県に到達したら、西遞行きのバス（発車時間は20分間隔、料金2元、終バスは17:30）に乗り換える。\r・宏村から出発の場合は、「宏村-屯溪」を行き来する観光バスを利用する（発車時刻はAM8時、9時、10時、11時、PM1時、2時、3時、4時、料金は2元、20分程度で西遞村に到着）',NULL,8,1,NULL,NULL,1,NULL,1,1,0),
	(47,'嵩山少林寺','少林寺は河南省の嵩山の西側の麓にある。嵩山にはお寺が７２あり、そして、ここには中国の最古の北魏嵩岳寺塔で、最も古い禅宗寺―少林寺、規模の大きい塔林、最も有名な元代天文台、歴史的な価値のある漢三闕（太室、少室、啓母闕）、大きな中岳廟、古めしい嵩陽書院、美しい大法王寺など、いろいろある。 \r　少林寺は一回解体され、二回燃やされたことがある。解体されたのは北周武帝の時代である。当時、国内の半分以上の人々は仏教を信仰していたため、生産に影響を与えていて、皇室の利益が損なわれていた。したがって、建徳三年（紀元５７４年）、周武帝は仏教と道教を禁じる命令を出した。少林寺は解体され、お坊さんたちは故郷に戻された。七世紀前期、少林寺のお坊さんたちが李世民の全国制覇に貢献があったため、唐の皇帝に支持され、少林寺は再建された。 \r  宋に至り、少林寺は二千人以上のお坊さんが集まり、建物は五千近くあった。また、３６平方メートルを占めていて、経書は一万近くもあるので、天下第一名刹と呼ばれていた。清雍正年間（１７２３－１７３５）皇帝は武術が上手なお坊さんが反乱を起こすのを恐れ、少林寺を燃やしました。乾隆以降、再び修理が行われた。 \r　１９２８年、軍閥石友が再び少林寺を燃やした。少林寺はこの火災ため、大きな損失を受けた。この火事は五日間も燃え続けていた。七進院を含め二、三棟しか残らず、数え切れない経書や仏具も灰になった。解放以降、また修理され、だんだん昔の規模になってきた。現在、少林寺には七進があり、総面積は三万平方メートルあり、大きな規模を誇っていいる。また、常住院、初祖庵、塔林、甘露台、祠堂、南園などの付属建築物もたくさんある。 \r　山門は清雍正十三年（１７３５年）に建てられた。門には少林寺という清の玄燁が書いた字が天王殿にかけられた。殿内に弥勒と韋馱の仏像がある。山の裏道には唐、宋、元、明、清の碑が３０個あまりたてられていて、少林寺の有名な碑林である。北宋の蘇軾の「観音賛碑」と元代の趙盂頫の「裕公碑」がとても有名である。 ','☆開放時間＆料金\r・開放時間\r　3月～11月：7:30～18:00\r　12月～2月：8:00～17:30\r　\r・料金\r　100元\r　中岳景区：80元\r　嵩陽景区：80元','河南省登封市嵩山','TEL：0371-62745000 \r\r交通アクセス：\r・洛陽市長距離バスセンターより登封または許昌行きのバスが運行されている、それを利用し、90分程度で少林寺の入口に到達する。\r・鄭州市長距離バスセンターより、登封または少林寺行きのバスが運行されている、それを利用することもできる。\r・洛陽市市内からはバス8番線を利用、バス停「少林寺駅」で下車。','①所要観光時間：3～4時間',9,1,NULL,NULL,1,NULL,1,0,0),
	(48,'西逓','「西遞」は黟県の県城から8kmのところにあり900年以上の歴史がある。桃源郷を思わせるのどかな景色から「桃花源里人家」といわれている。\r　古くは胡氏一族が暮らしていた土地で、凌雲閣、刺史牌楼、瑞玉庭、桃李園、東園、大夫第、敬愛堂、履福堂、青雲軒、膺福堂など明清の旧民家124棟、祠3棟があり「中国明清民家博物館」と呼ばれている。村全体が船形をしており、四方を山に囲まれ、2 本の渓流が村を貫いている。道は石畳で水路に面し、素朴ながら気品ある木造建築はレンガの堀で囲まれている。村の入口にある5階建て3棟の胡文光刺史牌坊は、明代の建物で、胡氏一族の輝かしい地位の象徴である。村の中央に位置する敬愛堂は村に現存する最大の祠で面積は1800㎡ある。\r　西逓は2000年11月30日、オーストラリアケアンズで行われた第24回ユネスコ世界遺産委員会により、「安徽南部の古村落」として、宏村と共に世界遺産に登録された。','☆開放時間＆料金:\r・開放時間\r　7:30～18:00\r\r・料金：\r　104元\r※①身長120cm以下の児童の場合は無料、18歳以下は半額となる。\r②60歳～69歳のお年寄の場合は半額となる、70歳以上のお年寄の場合は無料となる。\r（パスポートの持参要）','安徽省黄山市黟県西遞鎮西遞村','TEL:　0559-5154030\r                                                                                                                                                                                          交通アクセス:  \r・黄山から出発の場合は、黄山市汽車駅（バス集配センター）より黟県行きのバスに乗車（発車時間は30分間隔、料金12元、終バスは17:30）、黟県に到達したら、西遞行きのバス（発車時間は20分間隔、料金2元、終バスは17:30）に乗り換える。\r・宏村から出発の場合は、「宏村-屯溪」を行き来する観光バスを利用する（発車時刻はAM8時、9時、10時、11時、PM1時、2時、3時、4時、料金は2元、20分程度で西遞村に到着）',NULL,8,1,NULL,NULL,1,NULL,1,1,0),
	(49,'龍門石窟','龍門石窟は中国河南省洛陽市の南方13キロ、伊河の岸にある石窟寺院。「龍門石窟」としてユネスコの世界遺産（文化遺産）に登録されている。龍門石窟は、莫高窟（敦煌）、雲岡石窟（大同）、麦積山石窟（天水）と並ぶ「中国四大石窟」の一つである。龍門石窟は現在、中国国内で最も完全な状態で保存された大型石窟群で、中国の石刻芸術の宝庫とも称賛されている。 \r　「龍門」は昔、「伊闕」と呼ばれ、地勢が険しく、要衝に位置にするため、昔から兵家に必ず争う所だった。龍門は山水の景観がとても美しく、気候も環境も穏やかで人の心をゆったりとした気分にさせるので、文人たちが景色をながめ、遊覧する景勝地として最高の「洛陽八景」だと認められている。そして石質が良く彫刻しやすいため、多くの先人たちはここを選んで石窟を掘っていった。そのため龍門に蜂の巣のような穴が無数に散らばっている現在の状態になってきた。 \r　龍門石窟は北魏孝文皇帝が洛陽に遷都した際に掘削され、それから東魏、西魏、北斉、隋、唐、五代、宋などの各時代、およそ400年の間に造営が続けられた。そして南北の長さが1キロで、現存する窟穴が2300個、塑像が10万尊、石碑拓本が2800本、という今の遺跡ができあがった。重要な洞窟には「潜溪寺」、「賓陽中洞」、「摩崖三仏像」、「万仏洞」、「蓮花洞」、「奉先寺」、「古陽洞」、「薬方洞」などがある。龍門のすべての窟穴の中で最も大きい盧舎那大仏は雄大な姿で気力が漲っている。高さが17.14メートルあり、頭の長さが4メートル、耳の長さが1.9メートルである；最も小さい仏像でたった2センチメートルのもので、その安らかな表情と姿をしており、すばらしい芸術レベルが十分に現れている。','☆開放時間＆料金\r・開放時間\r　4月1日～10月31日：7:30～22:00\r　11月1日～1月3１日：8:00～17:30\r　2月1日～3月31日：8:00～18:00\r\r※夜間開放期間：4月1日～10月31日\r　夜間切符売り場開放時間：18:30～21:00\r　夜間開放時間：～22:00\r　ライトアップ時間：19:00\r　ライトダウン時間：22:30　\r\r・料金\r　120元（西山石窟、東山石窟、香山寺、白園の入場券を含む）\r※\r①身長140cm以下の児童の場合は無料、18歳以下の子供の場合は半額となる\r②60歳～69歳のお年寄の場合は半額となる、70歳以上のお年寄の場合は無料となる。\r（パスポートの持参要）','河南省洛陽市洛龍区龍門中街13号','TEL：0379-65981299 \r\r交通アクセス：\r・洛陽駅からバス81番線に乗車、乗車時間はおよそ40分程度\r・洛陽市ほかの観光スポットからは、バス53、60、81番線を利用することをお勧めする','①所要観光時間：3～4時間\r②お勧め観光季節：春または秋\r③お勧め観光路線：西山石窟⇒東山石窟⇒香山寺⇒白園',9,1,NULL,NULL,1,NULL,1,1,0),
	(50,'白雲山','中国で最も美しいところ、洛陽嵩県にある白雲山は、山が雄大で、水が美しい。八百里の伏牛山の中心に近い地区に位置する白雲山国家森林公園は、観光地区内の峰々が幾重にも連なって、険しい峰が林立している。海抜2216メートルの中原の第一峰・玉皇頂は、中原地区で日の出の雲海を最も良く見られるところである。\r    白雲山は南北の地理学気候の境界線に位置し、亜熱帯暖温帯気候の移行区に属する。動植物の資源が非常に豊富で、国家級自然保護区である。森林被覆比率が98.5%で、植物の種類は1991種に達し、動物は204種、その中で国家級の保護植物が40種余り、国家級の保護動物が20種類である。\r    落差千メートルの白河グランドキャニオンは、5歩に１つの淵、10歩に１つの滝がある。九竜滝は落差が123メートルに達し、逆流する銀河のようで、よい天気のときには、照射（光）による万道の虹が出て、人が歩くにつれて虹が移るさまは、虹が身辺につきまとうようである。白雲山は三つの地域の水、三つの川の魂を１つの山に集めて、“中原山水大観”の絶品と称される。\r 万ムーの原始林は、枯れた藤、古い木は姿がそれぞれ異なって、ちょろちょろとした流れは澄みきっていて、珍しい草花は色とりどりで美しく、自然生態系が完全に保存されている。高山のホトトギス林は峰々の上に数千メートル延々と続いている。花が咲く時は至る所に、色とりどりの花が美しく咲き乱れる。400数本の唐代の銀杏は共生し共存していて、古風で質朴で壮観で、北国にはめったにない。稀有な植物群落は専門家や学者に“自然博物館”と誉められている。','☆開放時間＆料金\r・開放時間\r　24時間\r　\r・料金\r　80元','河南省洛陽市嵩県白雲山','TEL：0379-66590127\r\r交通アクセス：\r・洛陽からの場合：\r　白雲山行きの観光バスが運行されている、料金は44元、洛陽バスターミナル発車時刻は午前6:30、7:30、所要乗車時間およそ4時間。\r・嵩県からの場合：\r　白雲山行きの観光バスが運行されている、所要乗車時間およそ3時間。\r※観光地内出の交通手段\r　バス：10元（観光地内のフリーパス、2日間有効）\r　ロープウェー：片道40元/人、往復60元/人\r　白雲湖観光船乗船：30元/船','①お勧め観光季節：1月上旬、4月、5月\r②所要観光時間：2日\r③観るものがいっぱいであるため、観光ルートの設定がとても重要、個人でいく場合でも観光案内所等で観光ルートをお聞きください。',9,1,NULL,NULL,1,NULL,0,0,1),
	(51,'清明上河園','清明上河園は開封市内の風景秀麗な龍亭湖の西側に位置し、占有面積は600ムーであり、また中国に有名な古都開封市内の一つ歴史文化テーマパークの大絵巻物だ。ここは宋の有名な画家の張択端の名画『清明上河図』に描かれた風物を再現することだ。1992年7月に建てて初めて、1998年10月28日に正式的に開園された。≪清明上河図≫は開封が北宋時代の古都としての社会生活、民情、風物と各種建築構造を反映し、または中国古代のとても珍しい社会生活の様相を描き出している絵巻物だ。ところで、この図はただ当時の開封の一部だけ反映したけど、しかし見識の狭くて、一部分にわかって、ここからも容易に残った市街の主な形と容貌を推測することが出来る。面白くのは、千年前に、張択端はこれを現実から絵巻物に運び入れたが、千年後に、開封人は又これを絵巻物から現実に再現された。それで、ぶらぶらその間に歩いて、常に“1度絵巻に歩み入ったら、1日間で千年前に夢回する”という時間の逆流する感じがある。\r　清明上河園は北宋時期の東京郊外の社会生活の繁栄な様相を生き生きと再現されている。つづいて汴河の両岸の道でゆっくり歩いている時、民情にみちた雰囲気を伝えている。それに、酒楼、店舗が軒をつらね、素敵な府邸、民家が近くに並べ、全く楽しく安らかに暮らし働く盛んな時代の風光だ。また、汴河に従って皇家庭園に入れたら、目の前に心がぱっと開ける。それから、広くて平坦な青い石道が碧水と緑樹中の綺麗な瓦と赤い壁と引立て合うことになり、既に皇族の高貴と栄華を表している。だから、勝手に亭とビルの間に歩いて、“歌が庭園に入って、光がビルに落ちた”という帝王生活を目の前に現せて、皆に千年前の風流な宮廷を描いているようだ。','☆開放時間＆料金\r・開放時間\r　9:00～22:00\r\r・料金\r　100元\r※\r①身長120cm以下の児童の場合は無料、身長120cm～140ｃｍの子供の場合は半額となる','中国河南省開封市竜亭西路5号','TEL：0378-5663819\r\r交通アクセス：\r・バス1、15番線を利用、バス停｢清明上河園」で下車。\r・バス34番線を利用、バス停｢城隍庙後街」で下車。','①お勧め観光時間：1日。\r②いろいろな引き出物があるため、朝の開園式のときから、引き出物の演出時間に沿って観光することをお勧めする。',9,1,NULL,NULL,1,NULL,1,0,0),
	(52,'武陵源','★大自然が作り出した仙境の世界「武陵源」\r中国の湖南省、張界市に位置する「武陵源の自然景観」。\r 「張家界国家森林公園」「索渓峪風景区」「天子山風景区」「楊家界風景区」の4つで構成されている。1992年より、ユネスコの世界遺産（自然遺産）に登録。総面積は約264平方㎞にも及び、高さが200メートルを超える岩の柱が3100本以上も林立する岩山の世界が広がっている。岩山は一見荒涼とも見えますが、麓には渓流が流れ豊かな森林が広がり様々な生態系を育んでいて、「仙境の縮小版」と呼ばれている。\rこの圧巻ともいえる岩山の絶景は、数億年の間に起こった地殻変動による隆起や、雨風による浸食によって形作られていったといわれている。\r★少数民族が暮らす秘境だった「武陵源」\r「武陵源」はまるで山水画のような絶景と云われている。\r 広く知られるようになったのは、近くに鉄道が敷かれた1970年代に入ってからの事である。それまでは、トゥチャ族やミャオ族といったいくつかの少数民族が暮らすだけの秘境だった。彼ら少数民族がこのような秘境での暮らしを選んだのは、戦乱から逃れるためといわれている。\r 強大な敵の弾圧や攻撃を避け身を守るには、山深い「武陵源」は自然が作り出した要塞だっただろう。 今でも「武陵源」の奇石には、こうした少数民族の苦難の歴史を伝える伝説が語り継がれている。\r★「武陵源」の幻想的な絶景を楽しむ\r大自然が数億年の時間をかけて作った岩山の世界、というと草木も生えない荒涼としたイメージを持たれるかもしれないが、意外にも「武陵源」は豊かな森に覆われている土地なのである。\r 深い渓谷からは霧が立ち上り、山々にかかるその景色はまさに山水画の世界！中でも「張家界国家森林公園」は園内が整備されていて観光がしやすくなっている。おススメは標高1200mの頂から堪能する絶景。行く価値アリの素晴らしさ。\r 山頂まではロープウェイで行くこともできるし、遊歩道を登るトレッキングコースもある。体力に自信のある方は、森林浴や植物観察を堪能できるので、ぜひトレッキングにチャレンジしてみてください。','☆開放時間＆料金\r・開放時間\r　6:30～18:30\r　\r・料金\r　三日間パス：248元/人（3日間以内有效，保険料3元およびグリーン観光バス料金を含む\r　一週間パス：298元/人\r※①パスの観光スポット：張家界森林公園、天子山自然保護区、楊家界風景区、索渓峪自然保護区など。\r②身長120ｃｍ以下の子供は無料となる、身長120ｃｍ～150ｃｍの子供の観光料金は163元/人。\r③60～69歳のお年寄の観光料金は163元/人、70歳以上のお年よりは68元のグリーン観光バスの乗車券のみを購入すればいい。','中国湖南省張家界市武陵源区','交通アクセス：\r・張家界市中心バスターミナルからは周辺観光地行きのバスが運行されている、そこから武陵源景区バスをご利用ください。\r・長沙市からいらっしゃる場合は、毎日8:00～19:00で、張家界市または武陵源行きのバスが運行されている、料金120元、発車間隔はおよそ1時間、乗車時間はおよそ3.5時間。',NULL,10,1,NULL,NULL,1,NULL,0,1,1),
	(53,'白雲山','広州市白雲山は新たな“羊城八景”の ナンバー・ワンとして、古くから名を知られた観光名所である。白雲山は広州市中心北東部に位置し、南粤名山の一つとして、古くから“羊城第一秀”と美称された。 \r　広州は「白雲珠水」とも呼ばれ、「白雲」は白雲山のこと、「珠水」は珠江のことを指している。白雲山は広州市の北部にあり、市内まで約6キロ離れている。白雲山は繋がっている山々からなり、総面積が28平方キロ、マカオ特別行政区の面積に当たり、主峰“摩星嶺”の標高が382ｍもあり、広州で最も高い峰である。雨が過ぎて空が晴れると、白雲が山と渓流をまつわりながら立ち上り、とても美しいので、「白雲山」と名付けられた。 \r　今白雲山観光地では南から北へ七つの観光スポットが分布しており、それぞれは：麓湖観光地、三台嶺観光区、鳴春谷観光区、摩星嶺観光区、明珠楼観光区、飛鵞嶺観光区と荷依嶺観光地。中には中国で最大或いはオリジナルの観光スポットが四つある。 \r●中国で最大の園林式ガーデン――雲台花園 \r●中国で初めて開発された観光ロープ・ウエー―白雲ロープ・ウエー \r●中国最大、アジア第二位の天然鳥かご――鳴春谷 \r●中国最大の彫塑テーマ公園――彫像公園 \r●麓湖観光地は白雲山観光地の南部にある最初の観光地。麓湖の敷地面積が250万㎡で山に寄り添い、傍らの水の景色が美しい。 \r●雲台花園は1995年9月28日に観光客に開放され、占有面積12万㎡で、四季の珍しい花木の造景が鑑賞できる庭園式花園。 \r●鳴春谷観光地は能仁寺、モリ人スポーツ文化村、白雲夕日、鳴春谷、白云朝日などの名所からなっている。 \r●摩星嶺観光地には广州碑林、九龍泉、碑林観光地、南雅堂、双溪別荘、山荘旅館、摩星嶺などの名所がある。 \r●陰暦の9月9日の重陽節になると、広州の市民はよく白雲山に老若男女が登り、とても賑やかで、広州独特の光景である。','☆開放時間＆料金\r・開放時間\r　白雲山自体は24時間開放\r　ロープウェー開放時間：9:00～18:00\r\r・料金\r　山南門岡：5元\r　雲台花園：10元\r　星海園：3元\r　ロープウェー：上り25元、下り20元、往復40元\r　リフト：20元','広州市広園中路白雲山南路','TEL：020-37222222\r\r交通アクセス：\r※白雲山は四つの入り口がある。バスの路線も四つに分けてご紹介する。 \r①「南門（正門）行き」（雲台花園のバスターミナル）24、63、240、245、285、522 \r②「白雲ロープウェー乗り場行き」32、46、60、127、175、179、199、223、240、241、257、257快、257、285、298、540、543、841、891、大学城1号線、ラッシュアワー16、ラッシュアワー17、夜間バス35 \r③「西門行き」（白雲山正門/外語学院駅）36、38、66、76A、76、127、223、245、265、529、805、864、891、大学城1号線、ラッシュアワー16、観光バス3号線、夜間バス9 \r④「金鐘門行き」（広州体育館駅）127、223、245、265、36、38、529、66、76A、76、805、864、891、大学城1号線、観光バス3号線、夜間バス9、547、544 \r⑤「柯子嶺行き」（柯子嶺パイファン駅）36、38、127、223、245、265、522、841、891、ラッシュアワー16、観光バス3号線。 \r⑥地下鉄ご利用の場合は、地下鉄2号線で「白雲公園」駅で下車','①お勧め観光時間：1日',11,1,NULL,NULL,1,NULL,0,0,1),
	(54,'香江野生動物世界','香江野生動物世界は広州市南部の番禺区に位置するテーマパークで、460種以上の動物と、アジア最大級の広さを誇る130万平方メートルの敷地には、サファリパークエリアも備えた巨大な動物園が広がっている。 \r　園内は徒歩観覧の動物園エリアと乗車観覧のサファリエリアに分けられており、動物園は「白」の字の形、サファリエリアは「虎」の字をかたどった順路にデザインされている。 \r●サファリエリア \r　広州長隆野生動物世界は「動物と一緒に」という理念でサファリパークを設立し、この区画だけで全敷地の3/4にあたる100万平方メートルを占めている。2012年にサファリエリアが拡張され、「オーストラリアの森」、「アメリカのジャングル」、「中央アジアの砂漠」、「南アジアの雨林」、「ヨーロッパの山岳」の五つのテーマエリアが新たに開設された。「オーストラリアの森」で跳ね回るカンガルー、「アメリカのジャングル」で群れをなすアルパカ、「南アフリカの高原」を疾走する野生動物、悠然と構えたライオンの家族、「東アフリカの草原」を駆けるシマウマ、ヌー 、キリン。車に乗ったまま五大陸の動物たちの生態を観察することができる。サファリエリアでは自家用車で巡るか、園内の無料バスを利用することができる。無料バスではガイドさんが熱心に中国語で説明してくれるが、どんどん進んでいくので動物たちの写真を撮るにはちょっと不便かもしれない。','☆開放時間＆料金\r・開放時間\r　月～金曜：9:00～18:30\r　 土、日、祝日：8:30～18:30 \r\r・料金\r　250元\r※①身長120ｃｍ以下の子供は無料、身長120～150cmの子供は半額の125元となる。\r②65歳以上のお年寄の方も半額の125元となる。','広東省広州市番偶区大石街','TEL：020-84788333\r\r交通アクセス：\r①地下鉄3号線、「漢渓長隆」駅下車。E出口を出たところより無料のシャトルバスが出ている。\r②バスをご利用の場合は、288、301a、301番線を利用し、バス停「万宝工業基地」で下車。','１、動物園エリアはとても広大で、エリア内の移動手段は徒歩しかありませんので、歩きやすくかかとのない(低い)靴でお越しください。 \r２、園内への飲食物の持ち込みはできません。園内には様々なレストランや売店がありますので、そちらをご利用ください。入園時には安全検査をしていただきます。飲食物のほかにも燃料、火薬などの危険物および液体物は持ち込めません。',11,1,NULL,NULL,1,NULL,0,0,1),
	(55,'大雁塔','市の南4キロにある。唐の三代目の高宗李治が皇太子のとき、生母文徳皇后の冥福を祈り648年に建てた慈恩寺の境内に立つ塔で、西安のシンボルである。当時の規模はかなり大きかったが、唐代末期に戦乱のため焼き払われ、現存するのは当時の十分の一に過ぎない。\r　652年にインドから帰った玄奘三蔵法師の願いにより、境内に大雁塔を建て経典を保存することにした。塔は煉瓦でできており、当初は五層の塔であったが、則天武后の時代に大改造を行い十層になった。しかし、戦乱などで上部が崩壊し、現在は七層で、高さは64メートルしかない。内部の木製のらせん階段を登ると、最上部まで行くことができる。 ','☆開放時間＆料金\r・開放時間\r　3月16日～11月14日：8:00～17:30\r　11月15日～来年3月15日：8:00～17:00\r\r・料金\r　50元\r※大雁塔登頂は別途30元/人','陝西省西安市和平門雁塔路南端','TEL：029-85527958\r\r交通アクセス：\r・バスをご利用の場合：バス遊6、21、22、24、601番線を利用、バス停「大雁塔南広場」で下車。\r・観光バスをご利用の場合：曲江新景線観光バスを利用、バス停「大雁塔北広場」で下車。\r・モノレールご利用の場合：曲江観光モノレールを利用、「大雁塔北広場」駅で下車','①大雁塔の宝（見所）： 如来の足跡、三蔵法師が持ち帰った仏具、三蔵法師が持ち帰った仏舎利、毎夜行われる噴水ショー。',12,1,NULL,NULL,1,NULL,1,0,0),
	(56,'大唐芙蓉園','大唐芙蓉園は2005年4月にオープンした西北地区最大の文化テーマパークである。敷地面積は67ヘクタールで、その中にある湖は20ヘクタール、総投資額は13臆元に上るという。元唐代芙蓉園遺跡の北側に建設され、楼閣、湖、園林、劇院、唐の街等、数多くの美しい景観をもっている。世界最大の水幕映画、戸外香花プロジェクト、唐代建築を有し、中国で初めて全面的に盛唐の様子を再現、展示する大規模な皇室庭園式文化テーマバークである。\r 　園内の各スポットでは毎日様々な催しを行っている。例えば｢祈天鼓舞｣（鼓をかけて天を祈る踊り）、｢教坊楽舞｣（教坊とは唐代宮廷内の音楽を教わる所です）といった宮廷再現ショー、｢艶影霓裳｣といったファッションショー、また少林武術、獅子舞、高足踊り、雑技などがある。 \r　毎晩上映される世界最大の水幕映画は音楽にあわせた噴水の動き、照明、炎、水雷、しぶきが一体となって観客を感動させるような演出を行っている。また、園内では大規模な夢幻舞踊劇｢夢回大唐｣も上演され、非常に壮観である。','☆開放時間＆料金\r・開放時間\r　9:00～21:00\r\r・料金\r　120元\r※身長120ｃｍ以下の子供は無料、身長120ｃｍ～150ｃｍの子供は半額となる。','陝西省西安市曲江新区芙蓉西路99号','TEL：029-85511888\r\r交通アクセス：\r・バスの場合は、バス5、19、21、22、24、27、30、34、41、44、游6、游8、游9番線を利用。\r・地下鉄の場合は、地下鉄2号線を利用、「偉一街」駅で降りる。','①お勧め観光季節：春、秋。観光所要時間2～3時間、午後行くことをお勧めする、各催しはすべて午前、午後と、2回行われているので、夕方からは水幕映画を観るには、午後からの観光が最適である。また夜のライトアップもきれいであるので。',12,1,NULL,NULL,1,NULL,1,0,0),
	(57,'秦始皇帝兵馬俑博物館','兵馬俑--世界八大奇跡の一つ　\r　始皇帝陵から東へ1.5キロの地点に、世界八番目の不思議とも呼ばれる兵馬俑坑がある。1974年3月、かんばつに窮した地元農民が井戸を掘り始めたところ、二、三メートル掘ると変わった陶器の破片が見つかった。考古学者の鑑定により、ここに始皇帝の地下近衛軍団が配置されていることが初めてわかった。この偶然の発見によって、地下に二千年も眠っていた世界を驚愕させる兵馬俑がようやく日の目を見た。坑は発掘順序に基づき一合坑、二号坑、三号坑と名づけられた。 \r　最大の一号坑は長さ230メートル、幅62メートル、深さ5メートル、総面積14260平方メートル、兵馬俑の数は約六千体、二号坑は6000平方メートル、俑の数は千体余り、三号坑は500平方メートル、俑の数は58体に過ぎず、規模が一番小さいが、地下軍の司令部に当たる。一号坑は今なお発掘を続けているが、中は土掘によって区切られ、上に丸木を掛け、その上にゴザを敷き、表は２メートルの土で覆われている。前衛部隊とその四方に立っている警備隊に守られ、主力軍は38列に分けられ、東に向かい整然と列を組んでいる。 \r　兵隊俑の平均身長は180センチ、上半身は空洞だが下半身は空洞ではない。顔の表情はそれぞれ異なり、身分により服装もまちまちでだが、共通しているのは、いずれも手に武器を握っていることだ。一部の俑にはまだ色彩が残っている。馬の高さは1.5メートルで西域の大宛の馬に似て、足が速いと言われている。兵馬俑はこの場所の付近の粘土を材料にして、彫刻などの手法を施し、最後に窯に入れて焼いて作られた。殉死制度のあった時代に人間に代わって陶製の人形を殉死品とすることから、人類文明の進歩を窺うことができる。','☆開放時間＆料金\r・開放時間\r　3月16日～11月14日：8:30～17:30\r　11月15日～来年3月15日：8:30～17:00\r※年中無休\r\r・料金\r　3月1日～11月30日：150元\r　12月1日～2月28日:120元\r※①16歳以下は無料となる。','陝西省西安市臨潼区西楊村 ','TEL：0379-66590127\r\r交通アクセス：\r・火車駅東広場よりバス遊5（306）、307番線を利用、バス停「兵馬俑博物館」で下車','①お勧め観光時間は1時間、観光ガイドを利用することができる（料金30元）、日本語のガイドあるかどうかは観光案内所でお尋ねください。',12,1,NULL,NULL,1,NULL,1,0,0),
	(58,'華清宮','市内から東へ30キロ行った郊外の驪山のふもとにある有名な温泉池である。周代から三千年以上の歴史を持つ。唐代の玄宗皇帝と楊貴妃のロマンスがこの地を最も有名にしている。 \r　３０００年前に、この山が爆発して温泉が湧き出たため、歴代の皇帝も、ここを行楽の地として大掛かりな造営をした。玄宗皇帝も華清宮を作り、毎年冬から春にかけて、楊貴妃を伴い、酒楽の日を明け暮れ多くのロマンスを生んだ。「春寒くして浴を賜う華 清の池、温泉の水滑らかに凝脂を洗う。」白楽天の「長恨歌」は二人の愛情を如実に歌うと同時に二人の贅沢きわまった生活振りも反映している。 \r　現在、かつての楊貴妃が「凝脂」を洗っていた浴槽が昔のまま保存されている。楊貴妃が入浴したとされる「海棠湯」は、海棠の花の形をしている。玄宗が入ったといわれている「蓮花湯」と「海棠湯」、「星辰湯」は復元され華清宮御湯遺跡博物館として一般公開されている。湯泉は、現在でも入浴でき、リューマチや関節炎に効果があるという。華清池は、1936年に西安事件が起きた場所としても有名である。\r★浴場の遺跡 \r　この華清池は唐の詩人白楽天の「長恨歌」に歌われた唐の玄宗皇帝と楊貴妃とのラブロマンスの舞台として有名。「春寒くして浴を賜う華清宮、温泉の水滑らかにして凝脂を洗う」と楊貴妃がここの温泉で美しい肌を洗ったと言われる。 \r　敷地の中にある御湯遺跡博物館では、楊貴妃が好んで湯浴びした海棠湯、玄宗皇帝と愛を育んだ蓮華湯、宮女専用の尚食湯、太子湯など浴場の遺跡が発掘され、一般に公開されている。\r','☆開放時間＆料金\r・開放時間\r　 7:30～18:00\r\r・料金\r 　3月1日～11月30日：110元\r　12月1日～2月28日:80元\r※①身長120ｃｍ以下の子供は無料となる、身長120ｃｍ～140ｃｍの子供は半額となる。\r②65歳以上のお年寄の方は無料となる。（パスポート持参要）','西安市臨潼区華清路38号','ＴＥＬ：029-83812003\r\r交通アクセス：\r・バス306、307、914、915番線を利用、バス停「華清池」で下車。 ','①お勧め観光時間：2時間',12,1,NULL,NULL,1,NULL,1,0,0),
	(59,'漓江','桂林市内を流れている川、漓江(りこう)。\r　中国南部を代表する風景ともいえる漓江は、桂林の北にある猫児山という山に源を発し、全長437キロ続く。とくに桂林から陽朔までの流域83キロの景色はひときわ奇観で有名である。\r　唐代の詩人韓愈が『江は青羅の帯をなし、山は碧玉の簪の如し』という名句で詠じたとおり、漓江の美しさと山々の美しさがあいまって、桂林観光の一番の名所となっている。\r　山水画の世界に遊ぶかのような漓江下りは桂林観光のハイライトで、世界で一流の景勝地として広く知られている。桂林から川の流れにそって遊覧船で陽朔まで下る83キロの旅である。途中、山々が両岸にそびえ立ち、その風景は鏡のような美しい漓江の水面に映り、まるで永遠と続くギャラリーの中に居るようである。陽朔へ近づくほどに、カルスト地形独特の奇岩奇峰が次から次へと現れ、飽きることはない。川の水面に映された山々の姿だけでも格別な趣がある。水面に映った山々は実際の山よりも、もっとはっきり見えるばかりか、水の流れに沿って一緒に流れているように見える。そして、山の姿は船の移動によっても変化していく。晴れた日に鮮やかな青空と深緑の聳え立つ山々、そして蒼い漓江の色彩コントラストには息を呑むことであろう。また、雨の日も、霞のなかに色を失った濃淡だけの山々が私たちを水墨画の世界へと案内してくれる。特に小雨が降る春の朝、水面に小さな雨が薄い錦布のような模様を刻み、何とも言えない美しさを呈している。天気、時刻、季節、とその日、その時の状態によって刻一刻と様々な美しい姿で観光客を迎えてくれる。\r●漓江の見所 \r　有名な景観は象山水月、斗鶏雄峙、九牛三州、冠岩幽境、半辺 奇渡、楊堤風光、画山観馬、興坪などがある。至るところ、まさに一幅の山水画そのもの。これは「百里画廊」とも言われ、漓江下り観光コースの一つのハイライトでもある。 ','☆開放時間＆料金\r・開放時間\r　4月～11月：8:40～22:40\r　12月～3月：8:40～21:40\r\r・料金\r　4月～11月：210元\r　12月～3月：190元','広西チワン族自治区桂林市資源県猫児山','TEL：0773-2825502\r\r交通アクセス：\r・桂林市内から漓江行きの普通バスは運行されていないため、市内から行く場合は、タクシーを利用してください。料金は70～80元程度である。\r・桂林火車駅からは磨盘山埠頭行きのバスが運行されている、1日四往復するので、利用する場合は事前に運行時間をお調べください。','①観光所要時間4～8時間。\r②漓江観光のベストシーズンは4～10月であるが、その期間中観光客多数のため、事前にホテルの予約、オプションツアー等の予約をしておくことをお勧めする。',13,1,NULL,NULL,1,NULL,0,0,1),
	(60,'楽満地','★桂林楽満地テーマパーク \r　桂林楽満地テーマパークは歓楽中国城、アメリカ西部区、夢幻世界区、海賊村、ヨーロッパ区、南太平洋区からなっている。ここにグランドキャニオンラフティングやお化け屋敷の冒険、バンパーカー、海賊船、ジェットコースター、竜巻、バンジージャンプなど主要施設を含めて、二十以上のアミューズメント施設がある。遊園地の景色は桂林山水の精華と霊気を融合させた。家族や子供が外へ出かけるなら、非常によいところである。 \r★楽満地リゾートホテル \r　楽満地リゾートホテルは桂林山水の美しさ、広西少数民族芸術と楽満地リゾート文化を融合させた五つ星のホテルである。デザインやスタイルは独特で個性的、民族色が豊富で、サービスの品質は精密で柔軟性が高い。ホテルは総計7層で、390室の客室がある。スタンダードルーム、ダブルスイートルーム、スリースイートルームまた特に二人専用に設計した部屋を提供している。中華料理店、喫茶店、ロースト料理店、バー、健康センター、レクリエーションセンター、プール、テニスコートなどのサービスを提供する施設もある。三階以上の客室は皆インターフェースがあり、お客様がブロードバンドを使うことができる。 \r★楽満地森林リゾート \r　楽満地森林リゾートは、山小屋区とキャンプ区の二つの区域を分けることができる。山小屋区は山勢によって建てられ、30棟ある。欧風と和風二つの建築様式がある。百パーセントの天然良質木材を選び、内装はすべてそろっている。お客様に各種のサービスを提供する。キャンプ区にはテントサイトが160個あり、五つの大きいキャンプファイヤー場がある。バーベキューや花火をするには、ここは一番よいところである。テントや寝袋などの野営用具も準備してある。 \r★ゴルフ場 \r　桂林楽満地ゴルフクラブは、桂林の近郊興安県に位置し、遊園地、ホテル、ゴルフ場が完備している。 \r　有名なアメリカの設計師ゴールデン・ルイス氏により設計された。丘陵と湖の曲線、起伏が現代の技術と絶妙に溶け合い、プレイだけでなく、自然の風景も満喫することができる贅沢なゴルフ場である。また、霊湖畔にある最後の９ホールは、全てのホールが水際となっている。練習場では、60本の専用のボールルート及び専用コーチのサービスを提供している。ゴルフ場以外の施設に関しては、中華料理店や喫茶店、会議室や記念品売り場などのがあり便利である。宿泊施設は、五星のリゾートホテルを併設しており、一流のサービスを提供している。 ','☆開放時間＆料金\r・開放時間\r　3月～6月：9:00～17:30\r　7月～8月：8:30～18:00\r　9月～10月：9:00～17:30\r　11月～来年2月：9:00～17:00\r\r・料金\r★桂林楽満地テーマパーク1DAYパス：\r　150元 ','広西チワン族自治区桂林市興安県志玲路','TEL：0773-6229988\r\r交通アクセス：\r・楽満地行き専用観光バスは桂林バスターミナルにて利用できる、運行時間7：00～21：00、発車間隔は30分おき。','①桂林楽満地テーマパーク のみご利用の場合は、所要観光時間1日であるが、ホテルやゴルフ場もご利用する場合は、2～3日滞在することをお勧めする。自然風景の中でのんびりと桂林山水を堪能できる。',13,1,NULL,NULL,1,NULL,0,0,1),
	(61,'靖江王城','靖江王城は桂林市の中心に位置し、独秀峰という山を囲むように築城された明代の王城である。19.78万㎡の広大な敷地を、幅5.5ｍの城壁がぐるりと囲んでいる。明代の始めに皇帝の朱元璋が朱守謙を靖江王に封じると、王府の建造を始めた。洪武26年（1393年）に王府は完成し、周囲の長さ1783m、それぞれ東、西、南、北に４つの門が設けられている。中心の宮殿建築を取り巻くようにして、寝宮、楼堂庁館や亭閣軒室などを配置し、壮大な建築群となっている。その後270年あまり、14代の靖江王がここを王宮としていた。王府は幾度かの戦火に遭い破壊されましたが、その後の修復により、ほぼ当時の状態で再建された。現在、城楼には‘状元及第’‘三元及第’‘榜眼及第’の三つの牌坊がはめ込まれている。ここには民国北伐時代、孫文大統領も一時滞在していた。その後、広西省役所となり、桂系軍閥李宗仁と白崇禧の本拠地にもなった。','☆開放時間＆料金\r・開放時間\r　９：３０～１７：３０\r\r・料金\r　50元\r※身長100ｃｍ以下は無料、身長100ｃｍ～140ｃｍは半額となる。','広西チワン族自治区桂林市靖江路','TEL：0773-2852203\r\r交通アクセス：\r・バス11、14、18番線を利用、バス停「王城商厦」で下車。\r・バス1、17番線を利用、バス停「靖江王城」で下車。','①独秀峰に上る場合、階段は問えも険しいので、安全には十分ご配慮ください。',13,1,NULL,NULL,1,NULL,1,0,0),
	(62,'都江堰','都江堰は四川省都江堰市の灌口という町に位置し、古代に建設され、今でも役に立っている大規模な水利プロジェクトである。「世界水利文化の開祖」と呼ばれ、中国の有名な名所古跡の一つである。秦の時代の蜀郡の太守（注釈：中国の古代の官職）李氷父子が群衆を率いて、紀元前２５６年ごろ都江堰水利プロジェクトを建設した。今では、全世界で歴史が最も長く、唯一保存され、しかもダムがなくて引航を実現する大型の水利プロジェクトである。２０００年、悠久な歴史、大きいな規模、合理的な構成、科学的な運行、環境にもやさしいなどの特徴で、また歴史の面でも科学の分野でも高い価値を備えているので、都江堰水利プロジェクトは世界文化遺産に登録された。 \r　現在、成都平原は「天府の国」と呼ばれているが、古代には実に旱魃や洪水も非常に頻繁な地域だった。岷江は長江の支流で、しかも水量がすごく豊富で、ちょうど四川盆地という中国西部の豊かな地域を経由し、典型的な地上川になった。都江堰と成都の距離はわずか５０キロメートルだが、しかし２７３メートルの驚くほどの高低差がある。古代には、岷江は洪水が発生したら、成都平原は果てしのない海原になって、旱魃（かんばつ：雨が降らないなどの理由で土壌が乾ききってしまい、農作物が育たない状況。）が発生したら、また不毛の地域になってしまった。\n●魚嘴 \r　都江堰水利プロジェクトは洪水防止、農業灌漑用水の提供、水上運送を一体とした水利工事である。都江堰の第一肝心な部分の魚嘴は分水の役割を果たしている。魚嘴（岷江の流れを適切な比率で本流と灌江に分ける「魚嘴」は最も重要な構造物である。）の建設場所、大きさ、長さ、高さ、傾斜角度と造る位置の周辺の水流流速、水量などが全部精密に計算、設計されている。それで造った魚嘴がうまく岷江の内江と外江の分水をしている。増水期は上流から流れてきた岷江総水量の60％が外江に入り、40％が内江に流れる、渇水期が逆になり、60％の水量が内江に入り、40％の水量が外江に入る。そうすると、うまく内江に入る水量をコントロールして、増水期の洪水を防ぎ、渇水期には農業灌漑用水を確保する。 \r\r●宝瓶 \r　都江堰第二の肝心部分‐宝瓶口は成都へ水を導く主要な役割のほかに２回目の分水効果もある。宝瓶口は幅が一定なので、その中に入る水が自然に制限されている。余った水は、飛沙堰を通って、外江に流れ、効率的な2回目の分水機能をしている。 \r\r都江堰水利プロジェクトのおかげで、成都平原は広くて肥沃な地域になって、中国西部は真珠のように輝いています。 \r','☆開放時間＆料金\r・開放時間\r　3月2日～11月30日： 8:00～18:00\r　12月1日～3月1日： 8:00～17:30\r\r・料金\r　90元\r※6歳以下または身長130ｃｍ以下の子供が無料となる。6歳～18歳までの未成年者は半額となる。\r※観光地内の交通料金：\r・観光バス：\r路線：碑亭——鱼嘴\r料金：片道　10元、往復　15元\r・歩雲廊エスカレータ：片道　20元、往復　30元','四川省都江堰市公園路','TEL：028-87283890\r\r交通アクセス：\r★成都から\r ・鉄道の場合： 成都と青城山を結ぶ高速鉄道「成灌快鉄」が都江堰市中心部を通る。所要35分。1日13-14往復程度。\r・バスの場合： 成都市内北西部にある茶店子バスターミナル（茶店子客運駅）から都江堰市バスターミナル（都江堰市客運中心）まで高速バスが頻発している。所要1時間。運行時間は7:00頃から19:00頃まで。\r※鉄道、バスともに都江堰市中心部に到着する。中心部から都江堰入口までは最も近い道で 2.6 km ほどの距離があり、この間を路線バス4路が結んでいる。所要20分、頻発。なお、成灌快鉄については都江堰の入口まで支線を建設する計画がある。\r★その他の都市から\r　重慶、広漢、楽山、自貢、綿陽などの都市から都江堰市バスターミナルまでのバスがある。いずれも一日1 - 4便程度。','①ベスト観光季節は7、8月。周辺観光地青城山とともに、とても涼しくてすごしやすいらしい。\r観光所要時間：6～8時間。\r②夜はライトアップされるので、夜の観光もぜひお試しください。',14,1,NULL,NULL,1,NULL,1,0,0),
	(63,'青城山','　青城山は四川省都江堰市の西南部に位置し、古くは「丈人山」と呼ばれ、主峰は上空に天高くそびえ、海抜は１２６０メートルである。山全体の木々が四季を通して青さを保ち、諸峰を囲む城郭のようなので、青城山と呼ばれている。何千段もの階段があり、くねくねした小道は、奥深い静かな所まで通じている。高い木々に囲まれた幽玄な雰囲気が特色で、古くから「青城天下幽」という美誉を持つ。剣門の険、峨眉の秀、夔门の雄と同じレベルに立っている。景勝地の面積は２００平方メートルで、古人の記述によると、青城山には「三十六峰」、「八大洞」、「七十二小洞」、「一百八景」があると言われている。 \r　青城山は前山と後山に分けられる。前山は青城山景勝地の主体の部分で、約15平方キロメートルあり、景色が美しく、文物と遺跡がたくさんある。主な景観は建福宮、天然図画、天師洞、朝陽洞、祖師殿、上清宮などである。後山の総面積は100平方キロメートルで、水が澄み、奥深い林、山は雄壮で険しく、真直ぐ空高くそびえ、よじ登る事は不可能である。主な景観は金壁天倉、聖母洞、山泉霧潭、白雲群洞、天橋奇景などである。 \r　青城山は木々が青々と茂り、深緑の森林と峰、川、谷、宮と観（道教の寺院）は、互いに引き立て合っている。寺院と亭閣は自然から材料を取り入れ、装飾は少なく、山林岩泉と一体になり、道教の素朴自然を尊ぶスタイルが現れている。その他、青城山の特色は日の出、雲海、聖灯などの自然奇観である。 \r　 青城山は、中国の中でも著名な歴史名山および国家重点風景名勝区であり、2000年、付近の岷江にある古代の水利施設・都江堰（とこうえん）とともに世界遺産（文化遺産）に登録されている。','☆開放時間＆料金\r・開放時間\r　3月2日～11月30日：8:00～17:00\r　12月1日～3月1日：8:00～18:00\r\r・料金\r　90元\r※60～69歳のお年寄りは半額となる、70歳以上のお年寄の方は無料となる。\r（パスポート持参要）\r※観光地内の交通手段：\r1. 前山ロープウェイ\r路線：月城湖——四望観\r料金：片道　35元、往復　60元\r\r2. 前山月城湖観光船：\r路線：月城湖——丈人泉\r料金：5元','四川省成都市青城山鎮','TEL：028-87288159\r\r交通アクセス：\r・鉄道ご利用の場合：最寄り駅は成都市域鉄路成灌線の青城山駅。駅から徒歩20分。\r・バスご利用の場合：\r　成都市内各バスターミナルからは都江堰、青城山行きの観光バスが運行されている。\r◎茶店子客運駅：始発　朝6：30、料金16元程度。\r◎西門客運駅：運行時間6：30～20：30、発車間隔：5～10分程度、料金：高速バス11元程度、普通バス6.5元程度\r◎新南門客運駅：始発　朝9：30、料金21元程度。','①青城山は中国の著名な道教名山であり、中国道教の発祥地の一つである。東漢以降、二千年も経過している。公元１４３年、「天師」張陵はここに来て、青城山の奥深さと緑深さが気に入り、家屋を作り道教を伝えた。青城山は道教の発祥地になり、道教から「第五洞天」と認定された。山全体で今まで無傷に保存された数十の道教寺院には、天師洞を中心に、建福宮、上清宮、祖師殿、圆明宮、老君阁、玉清宮、朝陽洞などがある。 \r　唐末期、有名な道士--杜光庭が青城山に来た後、天師道の伝統と上清道は結合された。杜光庭は晩年、青城山に３０年間定住し、著書をして説を立て、道教の発展に大きな影響をもたらした。 \r　明代、青城山の道教流派は、全真道竜門派に属した。全真道は「養身習静」という修行方法を創立する。当時、道士は山に定住して、宮観の保護、山林の栽培をさらに重視してきた。明朝末年、戦乱が頻繁に起き、道士達は避難して各地に散った。清朝康熙八年まで、武当山全真道竜門派道士--陈清覚は青城山で教務を管理した後、局面はよい方向に向かった。現在、青城山道教流派は、全真道竜門派丹台碧洞宗に属している。',14,1,NULL,NULL,1,NULL,0,1,1),
	(64,'成都ジャイアントパンダ繁殖センター','成都ジャイアントパンダ繁殖センターは、成都市の北部郊外（市内から約10ｋｍ）の斧頭山に位置していて、広いパンダ道によって繋がっている。ここは国内でパンダなどの貴重で、かつ絶滅に瀕する野生動物を保護するために設置された主なセンターの一つである。年間を通して、ジャイアントパンダ、レッサーパンダ、鶴、コウノトリ、ガチョウ、オシドリ、クジャク、白鳥などの動物を飼育している。緑に恵まれ、空気も新鮮なセンター内には、大自然的の野外風景と人工的な景観がバランスよく調和して、各種類の絶滅危惧種の動物が、のんびりと生活している。 \r　成都ジャイアントパンダ繁殖センターでは、各種のパンダの繁殖に必要な施設が揃っている。動物の飼育室、飼料室、治療室、パンダ記念館、研究用の建物が建てられ、またパンダの食糧用としての竹と灌木（かんぼく、丈の低い木本植物。）も植えている。記念館内には、各種の貴重な写真が８００枚余りを展示し、四川省各地から採集した動物の標本２０００種余りも展示されている。 \r　人工的な繁殖によってパンダの個体数を増やして、野外で暮らす訓練と一定の適応期間の経過後、大自然に復帰させることを目的として、成都ジャイアントパンダ繁殖センターが設置されている。これらの活動によって、パンダの種の保存を維持し、さらに高め、この生物の生存に尽力して最終的に人間と共存することができる。','☆開放時間＆料金\r・開放時間\r　 8:00～18:00\r\r・料金\r　58元\r※①6歳以下または身長130ｃｍ以下の子供が無料となる。6歳～18歳までの未成年者は半額となる。\r②60～69歳のお年寄りは半額となる、70歳以上のお年寄の方は無料となる。（パスポート持参要）','四川省成都市成华区熊猫大道1375号','TEL：028-83510033\r\r交通アクセス：\r・バスの場合：\r　1、49、53、63、64、69、71、83番線を利用し、バス停「青竜場汽車中心駅」で、198、87番線に乗り換え、バス停「成都ジャイアントパンダ繁殖センター」で下車。\r・市内からタクシーご利用の場合は、料金は30元程度となる。\r・地下鉄の場合：\r　成都地下鉄3号線を利用し、「熊猫大道」駅で下車。','①参観時の注意点：パンダは内向的な性格で静かな環境が好きなので、「竹林の隠遁者」というあだ名がある。ここにくると、ガイドさんは必ずマイクを使わず、観光客にも声を抑えて頂く。 \r　パンダの視力はもともと弱いので、写真を撮る時、必ずフラッシュを使わないようご注意ください。フラッシュの使用はパンダを失明させる恐れがある。 \r　パンダがかわいいからといって、勝手にエサを投げることは絶対しないようにしてください。パンダの数は非常に少ないので、新鮮な竹を食べさせることは大事である。',14,1,NULL,NULL,1,NULL,0,1,1),
	(65,'昆明石林','石林風景区の平均海抜は1750mで、昆明市から東南に約120㎞の石林イー族自治県に位置する。2007年に貴州省茘波、重慶市武隆と並び「中国南方カルスト地」として世界遺産に登録された石柱群が広がっている。\r 　約2億7千万年前、石林周辺は海底にあり、太古の海洋生物の遺骸が堆積したことにより、分厚い石灰岩層を作られた。その後、ヒマラヤ山脈の造山活動による地殻変動で石灰岩層が隆起して陸地となり、数千万年に及ぶ風雨によって現在の石峰、石柱、石筍、石壁など奇観が作り出された。地上から聳え立つ奇岩を遠くから眺めると森林のように見えることから、「石林」と名付けられた。また、この歴史的背景から石林には多くの古脊椎動物の化石が埋蔵しているため化石保護区に指定され、旧・新石器時代の遺跡としても有名で、李子箐石林の石柱に描かれた壁画の断片には代々この地で暮らしてきたイー族一支系のサニ族の祖先たちの祭祀を行ったり、狩りをする様子などが再現されている。\r　この石林風景区は大石林、小石林、乃古石林、芝雲洞、奇風洞、長湖、月湖、大畳水の7つのエリアが総面積400平方キロメートルの広大な土地に広がり、各エリアの見所を全長7kmの遊歩道がつないでいる。その中でも李子箐石林は石林の中心地として最も多くの観光客が訪れ、面積12平方キロメートルの土地に石林湖、大小石林、李子園などの31ヶ所の名所がある。石林の林立する奇岩はそれぞれ剣や動物、神話の人物に似ていたりとその形状もさまざまで「天下第一の奇観」と言われ、世界でも有名の雲南省の名勝地に数えられている。','☆開放時間＆料金\r・開放時間\r　8:00～17:00\r\r・料金\r　175元\r※①身長130ｃｍまたは6歳以下の子供は無料、6歳～18歳までの未成年者は半額となる。（パスポート持参要）\r②観光ガイド：中国語：60元/回、外国語（英語等）：80元/回\r③観光電動カート：25元','雲南省昆明市石林イー族自治県','TEL：0871-7711439\r\r交通アクセス：\r・バスご利用の場合：\r　昆明客運駅より石林風景区行きの観光バスが運行されている、料金：25元。\r　昆明⇒石林：発車時刻は、毎時10分、40分、\r　　　　運行時間：10：10～19：10\r　石林⇒昆明：発車時刻は、毎時10分、40分、\r　　　　運行時間：7：10～16：10\r・鉄道ご利用の場合：\r　毎日上海、広州、南寧、貴陽、昆明各地から石林行きの列車が運行されている。\r　　昆明—石林（110キロメートル 所要時間1.5時間）','①ベスト観光シーズン：3～10月。観光所要時間：5～7時間。',15,1,NULL,NULL,1,NULL,0,0,1),
	(66,'玉龍雪山','玉龍雪山は麗江古城の北約15kmに聳えている。南北約35km、東西約25km、区内面積960平方km、すべての山岳景観は4000ｍ以上のエリアにある。麓の氷河谷から山頂まで、亜熱帯、温帯、寒帯の各気候帯が標高に対応して垂直に分布し、万年雪、氷河、高山湖、原始林、草原などの自然景観が見られる。また、玉龍雪山は北半球では赤道に最も近い雪山として知られている。 \r　玉龍雪山はナシ族語で「ボスオル」と言い、白砂(麓の村落の名)の銀色に輝く山という意味である。大雪山は南北に連なる13の峰からなり、一年中真っ白な雪を湛える。高原の青空に映えるその雄姿が、もっぱら空を往く銀の龍のようで「玉龍雪山」と名がついたそうである。また、山は主に石灰岩と玄武岩で構成され、黒い山肌と白い雪のコントラストから「黒白雪山」とも呼ばれているす。主峰の扇子ドウは標高5596ｍ、北半球で最も南に位置する高峰である。 \r　玉龍雪山はナシ族にとっては、守り神である「三朶」が住む聖なる場所である。年に一度に「三朶祭り」が行われ、巡礼者が跡を絶たない。聖地であるため玉龍雪山主峰は未踏峰で、法律で登頂は禁じられている。 \r　2007年、麗江市玉龍雪山景勝地は5Ａ級景勝地として、中国観光局に認定された。主なスポットとして、甘海子、雲杉坪、白水河などがある。 \n●甘海子 \r　甘海子は玉龍雪山の東麓にある大草原である。標高2900ｍ、全長約4キロ、幅約1.5キロ、一面に広がる緑の絨毯に野花が咲き乱れ、遠くに天を突く霊峰が聳えている。自然の織りなす雄大な眺めである。ここから標高4500ｍの雪線までは天然牧場として利用され、様々な高山植物の植生が見られる。 \r\r●雲杉坪 \r　雲杉坪は雪山の東側に位置し、標高3000ｍ、面積約0.5平方キロ、雲南杉の原始林にある巨大な芝生で、雄大な玉龍雪山が目の前にせまっていて迫力満点。うっそうとした森のなかに長い歳月を重ねた巨木やフジ、クズなどのツル科植物、倒木や苔など、自然のままの原始林での神秘幽寂を味わえる。ナシ族の伝説によれば、「玉龍第三国」の入口はここにあるとされている。 \r\r●白水河 \r　白水河は、甘海子と雲杉坪の間にある深い谷底を流れる谷川である。河床、台地はすべて白色の大理石、石灰岩の小石であるため、水まで白く見え「白水河」と名がついたのだ。玉龍雪山の氷河の雪解け水が源流となって流れている河であり、その名の通り白っぽい乳青色の川で非常に美しく、水質も汚染されることなくひんやりしておいしい。 ','☆開放時間＆料金\r・開放時間\r　9：30～16：00\r　\r・料金\r　105元\r※身長100ｃｍ以下の子供は無料、身長100ｃｍ～120ｃｍの子供は半額となる。\r※ロープウェイ料金：往復　200元/人','雲南省麗江市玉龍ナシ族自治県','TEL：0888-5161501\r\r交通アクセス：\r・バスご利用の場合：麗江市紅太陽広場より7番線に乗車、料金10元程度。Ｘ\r・タクシーご利用の場合：麗江市内からは料金はおよそ100元程度。','①観光地としての整備も進んできており、麗江古城地区の北から7路のバスで雪山ロープウェイ乗り場まで行けば、扇子陡のすぐ下の4506m地点までのロープウェイに乗れる。ロープウェイの運行は天候に左右されやすく、一日4000人限定のため、注意を要する。\r②お勧め観光路線：\r甘海子⇒白水河⇒印象麗江⇒氷川公園⇒氷塔林⇒雲杉坪⇒蓝月谷',16,1,NULL,NULL,1,NULL,0,0,1),
	(67,'麗江古城','麗江古城は雲南省北部に位置し、万年雪を抱いた玉龍雪山の麓に広がるナシ族の街である。ナシ族は、チベット系の少数民族で、トンパ文字や、ナシ古楽など独特の文化をもっている。\r 　古城は、元代初期に創建され、城壁がない古城として他に例をみない。現在もその繁栄は続いており、「四方街」という繁華街には、青黒いつるつるした石畳で出来た狭い路地が迷路のように続き。道路沿いには民家や商店が並び、各家の前には水路が流れ、柳の木が植えられ、数百年前と変わらない風情がある。\r　 「四方街」は以前の都の中心で、かつて交易の中心地であった。今でもそれぞれ違う方向へ向かう道が四方八方に伸びている。\r　ここに居住するナシ族は伝統文化をよく保存しており、各地にその文化を展示する博物館、劇場などがある。また、彼らの民俗衣装も独特のもので一見の価値がある。\r 市の近郊には、玉龍雪山の景色を鏡のように映す不思議な色の池「黒龍潭」や「五鳳楼」などの見所もある。','☆開放時間＆料金\r・開放時間\r　24時間\r　\r・料金\r　無料','雲南省麗江市麗江坝中部','TEL：0888-5161501\r\r交通アクセス：\r・空路より麗江に来られる方は、タクシーをご利用ください、料金は90元程度で、乗車時間はおよそ30分。\r・鉄道を利用し、麗江にこられる方は、バスとタクシーのご利用をお勧めする。\r　バス：4、16、18番線を利用してください。\r　タクシー：料金は30～50元程度、乗車前は値段交渉をしておいてください。',NULL,16,1,NULL,NULL,1,NULL,1,1,0),
	(68,'崇聖寺三塔','崇聖寺三塔は大理古城から北へ1.5キロ離れた蒼山応楽峰のふもとにあり、後方は蒼山と隣接し、前方は洱海に面している。三塔は一大二小の三つの佛塔からなり、鼎立する姿をしている。遠くから眺めると、雄渾且つ壮麗であり、蒼洱絶景の一つと称されている。 \r　崇聖寺三塔は南詔勧豊佑時代(紀元823年～859年)から建てられ始め、大塔の千尋塔が先に建ち、まもなく南側と北側にある二小塔も完成した。その後、規模が雄大な崇聖寺が建立され、歴代に拡大建設が行われ、宋代の“大理国”になると、最盛期に達した。“大理国”時代には、強力な提唱がされ、仏教が盛んになった。崇聖寺が成立した直後は南詔国、大理国の仏教活動の中心的な存在となった。 \r　主塔は千尋塔と呼ばれ、高さは６９．１３メートル。塔は空芯レンガ造りで、方形の密檐式で、１６層あり、典型的な唐風建築である。塔内は中空で上下貫通しており、木造のはしごが掛けられ、最上層に登り専用の小窓から大理古城の全貌を眺めることができる。塔頂部には銅製の瓢箪型の宝瓶、八角形の天蓋それに金の鵬などがあり、底部には大理石の上に“永鎮山川”（永遠に山川を鎮護する）という四字の石彫りの漢字が大きくみえる。 \r　２００５年４月崇聖寺の大規模修繕工事が完成し、塔と寺が相互に照り輝く美景が蘇った。再建された崇聖寺はまさに唐、宋、元、明、清の歴代建築の粋を集めたものである。現在、中軸線に沿い、大鵬金羽鳥広場、山門、護法殿、弥勒殿、十一面観音殿、大雄宝殿、阿嵯耶観音閣、山海大観石牌坊と望海楼が順次建てられており、中軸の両側の次軸線沿いには経書交換処、方丈堂、高僧接待所、精進料理堂、羅漢堂、千仏廓、祖師殿及び仏教研究院が建っている。','☆開放時間＆料金\r・開放時間\r　9:00～17:00\r\r・料金\r　121元\r※①身長120ｃｍ以下の子供は無料、身長120ｃｍ～140ｃｍの子供は半額となる。\r②70歳以上のお年寄の場合は無料となる。\r（パスポートの持参要）','大理市崇聖寺三塔旅遊文化区','TEL：0872-2673446\r\r交通アクセス：\r・バスをご利用の場合、19番線に乗車、バス停「三塔公園」で下車。\r・大理古城から近いので、時間に余裕のある方は徒歩で行くことをお勧めする。所要時間は30分程度。\r※観光地内には、電動観光バスが運行されている、料金は15元。観光地内なら、どこでも乗車券提示で乗車できる。','①観光所要時間：２～3時間。\r②夜はライトアップされるので、時間に余裕のある方は、ここからの観光をお勧めする。夕日に輝く三塔は絶景である。\r③崇聖寺三塔の南側にある「三塔寺倒影公園」では大きな池に三塔が映り、その景観は見事であるので、三塔の写真を取りたい方はそこへ行くことをお勧めする。',17,1,NULL,NULL,1,NULL,1,0,0),
	(69,'中国科学院シーサンパンナ熱帯植物園','中国科学院シーサンパンナ熱帯植物園は中国では面積が最も大きい、多様の植物種類を持つ植物園である。地元の人に勐侖（モウリン）熱帯植物園と呼ばれる。勐腊（モウロウ）県勐侖鎮に位置し、景洪市から96キロ、勐腊（モウロウ）県から100キロぐらい離れている。瀾滄江の支流である羅梭江に囲まれている瓢箪島の上で建設されている。植物園の周りにはタイ族、ハニ族、ジノー族などの少数民族の村が散在している。\r　50年代に著名な植物科学家蔡希陶教授をはじめとした植物科学者たちにより建設された植物園である。敷地面積は900ヘクタール、世界で珍しい熱帯植物が6000余種類栽培されている。特定テーマの植物園が13設けられており、即ち熱帯果樹資源園、陰性植物園、棕櫚植物園、水生植物園、民族植物園、薬用植物園、竜脳植物園、香料植物園、竹類植物園、準絶滅危惧種植物遷移地保護区、ガジュマル園、樹木園、名樹名花園である。\r　海抜は500メータぐらい、年間平均気温は21.5℃、雨量が豊富で熱帯植物の生長と栽培に適する。数多くの珍しい植物はここで成長している、例えば周恩来首相は西アフリカから携えてきたミラクルフルーツの種が成功に栽培されている。ミラクルフルーツを食べた後では酸っぱいものを甘く感ずることができ、世界で最も不思議なものの一つだと認められる。虫を食うウツボカズラ、色が変われる花、雨が降られる樹木、音楽のリズムに合わせて踊れる草、時間通りに開花する時計花など不思議な植物が見られる。\r　ここは熱帯雨林を主として科学研究、植物種保存、科学知識普及と生態観光活動などから一体化した中国最大の総合的な植物園である。','☆開放時間＆料金\r・開放時間\r　8:00～18:00\r\r・料金\r　104元\r※①身長120ｃｍ以下の子供は無料、身長120ｃｍ～140ｃｍの子供は半額となる。\r②60～69歳のお年寄の場合は半額、70歳以上のお年寄の場合は無料となる。\r（パスポートの持参要）','雲南省シーサンパンナタイ族自治州勐腊（モウロウ）県勐侖鎮','TEL：0691-8715070\r\r交通アクセス：\r・景洪客運駅より勐腊（モウロウ）県勐侖鎮行きのバスが運行されている、料金17元、所要時間1時間程度。','①所要観光時間：1～2時間。',18,1,NULL,NULL,1,NULL,0,0,1),
	(70,'普達措国家公園','香格里拉（シャングリラ）「普達措国家公園」は中国初の国立公園で、2007年オープンした。雲南省北西部の世界自然遺産「三江并流」（金沙江、瀾倉江、怒江が平行に流れる地域）地域の中心に位置し、碧塔海自然保護区と「三江并流」自然遺産の紅山地区の属都湖観光地地区などの一部からなり、面積は約2千平方キロメートル。見どころは碧塔海、属都湖、弥里塘の三か所である・','☆開放時間＆料金\r・開放時間\r　11月～3月：8:00～16:00\r　4月～10月：8:00～17:00\r\r\r・料金\r　258元（観光地内観光車乗車料：120元、入園料：138元）\r※①身長120ｃｍ以下の子供は無料、身長120ｃｍ～150ｃｍの子供は半額となる。\r②70歳以上のお年寄の場合は半額となる。\r（パスポートの持参要）\r③割引価格は入園料のみに対応する。割引券で入園する方は別途120元の観光車乗車料を支払わなければならない。','雲南省デチェン・チベット族自治州シャングリラ県双橋','TEL：0887-8232533\r\r交通アクセス：\r・シャングリラ県客運駅より普達措行きのバスが運行されている、料金は15元、シャングリラ県客運駅よりの始発は朝9：30発車、普達措より発車する帰りのバスの最終運行時間は15：00。\r・タクシーご利用の場合、片道80元、往復150元。行くときは必ずタクシー運転手と帰りの迎え時間の約束を交わし、運転手の連絡先をもらってください。公園の出口付近ではタクシーは呼べないことがあるから。\r・遊覧船：碧塔海では遊覧船が運航されているので、利用することをお勧めする。運賃は30元程度。','①観光所要時間：3～4時間',19,1,NULL,NULL,1,NULL,0,0,1);

/*!40000 ALTER TABLE `scenic` ENABLE KEYS */;
UNLOCK TABLES;



/*!40111 SET SQL_NOTES=@OLD_SQL_NOTES */;
/*!40101 SET SQL_MODE=@OLD_SQL_MODE */;
/*!40014 SET FOREIGN_KEY_CHECKS=@OLD_FOREIGN_KEY_CHECKS */;
/*!40101 SET CHARACTER_SET_CLIENT=@OLD_CHARACTER_SET_CLIENT */;
/*!40101 SET CHARACTER_SET_RESULTS=@OLD_CHARACTER_SET_RESULTS */;
/*!40101 SET COLLATION_CONNECTION=@OLD_COLLATION_CONNECTION */;
